"Timestamp","What rank (number between 1 and 100) did you receive after placement matches? "
"2016/06/29 9:29:05 AM EST","49"
"2016/06/29 9:31:08 AM EST","50"
"2016/06/29 9:31:54 AM EST","46"
"2016/06/29 9:31:56 AM EST","Fuck Niggers"
"2016/06/29 9:32:46 AM EST","50"
"2016/06/29 9:34:06 AM EST","52"
"2016/06/29 9:34:21 AM EST","50"
"2016/06/29 9:35:19 AM EST","51"
"2016/06/29 9:35:28 AM EST","44"
"2016/06/29 9:36:13 AM EST","50"
"2016/06/29 9:37:33 AM EST","54"
"2016/06/29 9:37:57 AM EST","57"
"2016/06/29 9:38:18 AM EST","64"
"2016/06/29 9:38:28 AM EST","56"
"2016/06/29 9:39:20 AM EST","49"
"2016/06/29 9:39:33 AM EST","53"
"2016/06/29 9:39:51 AM EST","58"
"2016/06/29 9:43:35 AM EST","48"
"2016/06/29 9:44:06 AM EST","50"
"2016/06/29 9:44:20 AM EST","52"
"2016/06/29 9:44:54 AM EST","50"
"2016/06/29 9:45:23 AM EST","57"
"2016/06/29 9:45:54 AM EST","53"
"2016/06/29 9:46:15 AM EST","53"
"2016/06/29 9:47:25 AM EST","51"
"2016/06/29 9:48:21 AM EST","60"
"2016/06/29 9:49:55 AM EST","40"
"2016/06/29 9:50:46 AM EST","55"
"2016/06/29 9:51:04 AM EST","53"
"2016/06/29 9:52:00 AM EST","50"
"2016/06/29 9:53:01 AM EST","52"
"2016/06/29 9:53:27 AM EST","48"
"2016/06/29 9:53:50 AM EST","45"
"2016/06/29 9:55:45 AM EST","50"
"2016/06/29 9:56:30 AM EST","48"
"2016/06/29 9:57:57 AM EST","51"
"2016/06/29 9:59:25 AM EST","61"
"2016/06/29 10:00:00 AM EST","49"
"2016/06/29 10:00:20 AM EST","42"
"2016/06/29 10:00:45 AM EST","39"
"2016/06/29 10:02:08 AM EST","50"
"2016/06/29 10:02:25 AM EST","48"
"2016/06/29 10:03:57 AM EST","35"
"2016/06/29 10:04:30 AM EST","60"
"2016/06/29 10:05:04 AM EST","54"
"2016/06/29 10:06:08 AM EST","62"
"2016/06/29 10:06:42 AM EST","47"
"2016/06/29 10:06:54 AM EST","56"
"2016/06/29 10:07:04 AM EST","47"
"2016/06/29 10:10:07 AM EST","56"
"2016/06/29 10:10:55 AM EST","56"
"2016/06/29 10:11:46 AM EST","51"
"2016/06/29 10:11:55 AM EST","48"
"2016/06/29 10:12:24 AM EST","60"
"2016/06/29 10:12:45 AM EST","54"
"2016/06/29 10:13:26 AM EST","53"
"2016/06/29 10:13:36 AM EST","49"
"2016/06/29 10:13:48 AM EST","37"
"2016/06/29 10:14:44 AM EST","62"
"2016/06/29 10:14:59 AM EST","51"
"2016/06/29 10:15:50 AM EST","52"
"2016/06/29 10:16:26 AM EST","54"
"2016/06/29 10:16:53 AM EST","53"
"2016/06/29 10:17:10 AM EST","57"
"2016/06/29 10:18:13 AM EST","59"
"2016/06/29 10:18:35 AM EST","51"
"2016/06/29 10:19:10 AM EST","41"
"2016/06/29 10:19:13 AM EST","50"
"2016/06/29 10:20:12 AM EST","48"
"2016/06/29 10:20:39 AM EST","44"
"2016/06/29 10:20:40 AM EST","50"
"2016/06/29 10:20:57 AM EST","46"
"2016/06/29 10:21:00 AM EST","48"
"2016/06/29 10:21:15 AM EST","60"
"2016/06/29 10:22:34 AM EST","54"
"2016/06/29 10:23:07 AM EST","40"
"2016/06/29 10:23:19 AM EST","55"
"2016/06/29 10:23:23 AM EST","46"
"2016/06/29 10:23:43 AM EST","35"
"2016/06/29 10:24:29 AM EST","59"
"2016/06/29 10:24:47 AM EST","42"
"2016/06/29 10:24:54 AM EST","57"
"2016/06/29 10:24:55 AM EST","54"
"2016/06/29 10:25:15 AM EST","51"
"2016/06/29 10:25:22 AM EST","50"
"2016/06/29 10:25:29 AM EST","53"
"2016/06/29 10:26:25 AM EST","100"
"2016/06/29 10:27:01 AM EST","55"
"2016/06/29 10:27:54 AM EST","53"
"2016/06/29 10:28:13 AM EST","50"
"2016/06/29 10:29:01 AM EST","48"
"2016/06/29 10:30:01 AM EST","53"
"2016/06/29 10:31:10 AM EST","59"
"2016/06/29 10:32:24 AM EST","56"
"2016/06/29 10:32:33 AM EST","100"
"2016/06/29 10:32:34 AM EST","50"
"2016/06/29 10:32:48 AM EST","61"
"2016/06/29 10:32:55 AM EST","57"
"2016/06/29 10:33:05 AM EST","41"
"2016/06/29 10:33:34 AM EST","53"
"2016/06/29 10:34:00 AM EST","48"
"2016/06/29 10:34:03 AM EST","50"
"2016/06/29 10:34:44 AM EST","50"
"2016/06/29 10:35:51 AM EST","47"
"2016/06/29 10:36:07 AM EST","34"
"2016/06/29 10:36:15 AM EST","60"
"2016/06/29 10:36:16 AM EST","50"
"2016/06/29 10:36:49 AM EST","60"
"2016/06/29 10:37:00 AM EST","46"
"2016/06/29 10:37:28 AM EST","46"
"2016/06/29 10:37:38 AM EST","52"
"2016/06/29 10:37:54 AM EST","50"
"2016/06/29 10:37:56 AM EST","49"
"2016/06/29 10:38:28 AM EST","53"
"2016/06/29 10:38:33 AM EST","57"
"2016/06/29 10:38:44 AM EST","54"
"2016/06/29 10:38:55 AM EST","57"
"2016/06/29 10:39:22 AM EST","53"
"2016/06/29 10:39:40 AM EST","49"
"2016/06/29 10:39:42 AM EST","56"
"2016/06/29 10:39:51 AM EST","45"
"2016/06/29 10:39:56 AM EST","52"
"2016/06/29 10:40:07 AM EST","55"
"2016/06/29 10:40:18 AM EST","49"
"2016/06/29 10:40:40 AM EST","49"
"2016/06/29 10:41:04 AM EST","51"
"2016/06/29 10:41:14 AM EST","44"
"2016/06/29 10:43:11 AM EST","54"
"2016/06/29 10:43:12 AM EST","55"
"2016/06/29 10:43:24 AM EST","53"
"2016/06/29 10:43:28 AM EST","46"
"2016/06/29 10:43:35 AM EST","42"
"2016/06/29 10:43:43 AM EST","67"
"2016/06/29 10:44:05 AM EST","58"
"2016/06/29 10:44:05 AM EST","57"
"2016/06/29 10:44:14 AM EST","57"
"2016/06/29 10:44:22 AM EST","53"
"2016/06/29 10:44:32 AM EST","58"
"2016/06/29 10:45:10 AM EST","55"
"2016/06/29 10:46:20 AM EST","51"
"2016/06/29 10:47:04 AM EST","53"
"2016/06/29 10:47:23 AM EST","55"
"2016/06/29 10:48:03 AM EST","43"
"2016/06/29 10:48:06 AM EST","48"
"2016/06/29 10:48:26 AM EST","62"
"2016/06/29 10:48:28 AM EST","49"
"2016/06/29 10:48:51 AM EST","46"
"2016/06/29 10:49:07 AM EST","46"
"2016/06/29 10:49:10 AM EST","49"
"2016/06/29 10:49:21 AM EST","60"
"2016/06/29 10:49:36 AM EST","99"
"2016/06/29 10:49:41 AM EST","51"
"2016/06/29 10:49:45 AM EST","54"
"2016/06/29 10:49:55 AM EST","50"
"2016/06/29 10:50:00 AM EST","60"
"2016/06/29 10:50:25 AM EST","48"
"2016/06/29 10:50:41 AM EST","54"
"2016/06/29 10:50:53 AM EST","52"
"2016/06/29 10:51:28 AM EST","745"
"2016/06/29 10:51:29 AM EST","50"
"2016/06/29 10:51:45 AM EST","62"
"2016/06/29 10:51:47 AM EST","53"
"2016/06/29 10:51:57 AM EST","51"
"2016/06/29 10:52:13 AM EST","56"
"2016/06/29 10:52:19 AM EST","47"
"2016/06/29 10:52:31 AM EST","45"
"2016/06/29 10:52:44 AM EST","54"
"2016/06/29 10:53:00 AM EST","54"
"2016/06/29 10:53:15 AM EST","51"
"2016/06/29 10:53:19 AM EST","4484"
"2016/06/29 10:53:22 AM EST","54"
"2016/06/29 10:53:47 AM EST","60"
"2016/06/29 10:53:48 AM EST","60"
"2016/06/29 10:54:06 AM EST","59"
"2016/06/29 10:54:41 AM EST","72"
"2016/06/29 10:54:44 AM EST","49"
"2016/06/29 10:54:47 AM EST","56"
"2016/06/29 10:54:56 AM EST","49"
"2016/06/29 10:55:00 AM EST","52"
"2016/06/29 10:55:02 AM EST","63"
"2016/06/29 10:55:08 AM EST","52"
"2016/06/29 10:55:08 AM EST","50"
"2016/06/29 10:55:18 AM EST","52"
"2016/06/29 10:55:21 AM EST","48"
"2016/06/29 10:55:35 AM EST","49"
"2016/06/29 10:55:37 AM EST","62"
"2016/06/29 10:55:44 AM EST","60"
"2016/06/29 10:55:45 AM EST","48"
"2016/06/29 10:55:48 AM EST","55"
"2016/06/29 10:56:01 AM EST","54"
"2016/06/29 10:56:06 AM EST","56"
"2016/06/29 10:56:09 AM EST","55"
"2016/06/29 10:56:23 AM EST","48"
"2016/06/29 10:56:25 AM EST","50"
"2016/06/29 10:56:32 AM EST","55"
"2016/06/29 10:56:35 AM EST","50"
"2016/06/29 10:56:45 AM EST","57"
"2016/06/29 10:56:57 AM EST","50"
"2016/06/29 10:57:10 AM EST","56"
"2016/06/29 10:57:18 AM EST","51"
"2016/06/29 10:57:18 AM EST","43"
"2016/06/29 10:57:19 AM EST","65"
"2016/06/29 10:57:38 AM EST","48"
"2016/06/29 10:57:58 AM EST","53"
"2016/06/29 10:58:19 AM EST","51"
"2016/06/29 10:58:25 AM EST","60"
"2016/06/29 10:58:56 AM EST","39"
"2016/06/29 10:59:17 AM EST","43"
"2016/06/29 10:59:34 AM EST","46"
"2016/06/29 10:59:47 AM EST","32"
"2016/06/29 10:59:50 AM EST","45"
"2016/06/29 11:00:02 AM EST","50"
"2016/06/29 11:00:36 AM EST","53"
"2016/06/29 11:02:02 AM EST","37"
"2016/06/29 11:02:44 AM EST","49"
"2016/06/29 11:03:30 AM EST","51"
"2016/06/29 11:04:02 AM EST","51"
"2016/06/29 11:04:36 AM EST","57"
"2016/06/29 11:04:42 AM EST","50"
"2016/06/29 11:04:43 AM EST","52"
"2016/06/29 11:04:53 AM EST","50"
"2016/06/29 11:04:53 AM EST","58"
"2016/06/29 11:05:00 AM EST","58"
"2016/06/29 11:05:16 AM EST","49"
"2016/06/29 11:05:30 AM EST","54"
"2016/06/29 11:05:43 AM EST","50"
"2016/06/29 11:06:06 AM EST","51"
"2016/06/29 11:06:14 AM EST","43"
"2016/06/29 11:06:42 AM EST","51"
"2016/06/29 11:06:44 AM EST","37"
"2016/06/29 11:06:53 AM EST","58"
"2016/06/29 11:07:07 AM EST","55"
"2016/06/29 11:07:24 AM EST","62"
"2016/06/29 11:07:27 AM EST","52"
"2016/06/29 11:07:33 AM EST","51"
"2016/06/29 11:08:08 AM EST","60"
"2016/06/29 11:08:18 AM EST","64"
"2016/06/29 11:08:20 AM EST","42"
"2016/06/29 11:08:33 AM EST","48"
"2016/06/29 11:09:07 AM EST","57"
"2016/06/29 11:09:15 AM EST","55"
"2016/06/29 11:09:33 AM EST","54"
"2016/06/29 11:09:39 AM EST","52"
"2016/06/29 11:09:51 AM EST","53"
"2016/06/29 11:09:51 AM EST","40"
"2016/06/29 11:10:16 AM EST","50"
"2016/06/29 11:10:17 AM EST","39"
"2016/06/29 11:10:18 AM EST","39"
"2016/06/29 11:10:40 AM EST","58"
"2016/06/29 11:10:45 AM EST","47"
"2016/06/29 11:10:53 AM EST","43"
"2016/06/29 11:11:07 AM EST","49"
"2016/06/29 11:11:18 AM EST","49"
"2016/06/29 11:11:25 AM EST","49"
"2016/06/29 11:11:26 AM EST","1"
"2016/06/29 11:11:29 AM EST","44"
"2016/06/29 11:11:31 AM EST","49"
"2016/06/29 11:11:35 AM EST","48"
"2016/06/29 11:11:45 AM EST","47"
"2016/06/29 11:12:38 AM EST","54"
"2016/06/29 11:13:01 AM EST","52"
"2016/06/29 11:13:20 AM EST","45"
"2016/06/29 11:13:42 AM EST","46"
"2016/06/29 11:13:45 AM EST","54"
"2016/06/29 11:13:58 AM EST","48"
"2016/06/29 11:14:22 AM EST","54"
"2016/06/29 11:14:47 AM EST","46"
"2016/06/29 11:14:52 AM EST","48"
"2016/06/29 11:15:12 AM EST","52"
"2016/06/29 11:15:14 AM EST","57"
"2016/06/29 11:15:14 AM EST","48"
"2016/06/29 11:15:31 AM EST","49"
"2016/06/29 11:15:44 AM EST","54"
"2016/06/29 11:15:52 AM EST","53"
"2016/06/29 11:15:59 AM EST","60"
"2016/06/29 11:16:38 AM EST","55"
"2016/06/29 11:16:47 AM EST","52"
"2016/06/29 11:16:51 AM EST","53"
"2016/06/29 11:16:53 AM EST","56"
"2016/06/29 11:16:57 AM EST","60"
"2016/06/29 11:17:08 AM EST","51"
"2016/06/29 11:17:12 AM EST","54"
"2016/06/29 11:17:47 AM EST","53"
"2016/06/29 11:17:59 AM EST","46"
"2016/06/29 11:18:01 AM EST","46"
"2016/06/29 11:18:02 AM EST","60"
"2016/06/29 11:18:26 AM EST","53"
"2016/06/29 11:18:47 AM EST","43"
"2016/06/29 11:18:49 AM EST","55"
"2016/06/29 11:18:59 AM EST","58"
"2016/06/29 11:19:05 AM EST","50"
"2016/06/29 11:19:07 AM EST","55"
"2016/06/29 11:19:08 AM EST","59"
"2016/06/29 11:19:14 AM EST","58"
"2016/06/29 11:19:16 AM EST","44"
"2016/06/29 11:19:24 AM EST","53"
"2016/06/29 11:19:36 AM EST","44"
"2016/06/29 11:20:14 AM EST","49"
"2016/06/29 11:20:23 AM EST","67"
"2016/06/29 11:20:29 AM EST","55"
"2016/06/29 11:20:36 AM EST","51"
"2016/06/29 11:20:41 AM EST","53"
"2016/06/29 11:21:09 AM EST","61"
"2016/06/29 11:21:10 AM EST","51"
"2016/06/29 11:21:32 AM EST","46"
"2016/06/29 11:21:39 AM EST","47"
"2016/06/29 11:21:40 AM EST","50"
"2016/06/29 11:21:52 AM EST","50"
"2016/06/29 11:22:15 AM EST","56"
"2016/06/29 11:22:27 AM EST","49"
"2016/06/29 11:22:39 AM EST","54"
"2016/06/29 11:23:22 AM EST","48"
"2016/06/29 11:23:35 AM EST","0"
"2016/06/29 11:23:36 AM EST","51"
"2016/06/29 11:23:51 AM EST","63"
"2016/06/29 11:24:06 AM EST","51"
"2016/06/29 11:25:04 AM EST","59"
"2016/06/29 11:25:28 AM EST","57"
"2016/06/29 11:25:37 AM EST","56"
"2016/06/29 11:25:38 AM EST","45"
"2016/06/29 11:25:53 AM EST","59"
"2016/06/29 11:25:57 AM EST","53"
"2016/06/29 11:26:09 AM EST","49"
"2016/06/29 11:26:15 AM EST","53"
"2016/06/29 11:26:15 AM EST","53"
"2016/06/29 11:26:20 AM EST","51"
"2016/06/29 11:26:25 AM EST","54"
"2016/06/29 11:26:47 AM EST","1"
"2016/06/29 11:26:49 AM EST","46"
"2016/06/29 11:26:50 AM EST","57"
"2016/06/29 11:27:09 AM EST","55"
"2016/06/29 11:27:22 AM EST","50"
"2016/06/29 11:27:35 AM EST","40"
"2016/06/29 11:27:44 AM EST","40"
"2016/06/29 11:27:48 AM EST","66"
"2016/06/29 11:28:10 AM EST","50"
"2016/06/29 11:28:13 AM EST","61"
"2016/06/29 11:28:30 AM EST","51"
"2016/06/29 11:28:57 AM EST","58"
"2016/06/29 11:29:32 AM EST","55"
"2016/06/29 11:29:46 AM EST","49"
"2016/06/29 11:29:54 AM EST","49"
"2016/06/29 11:29:56 AM EST","36"
"2016/06/29 11:29:58 AM EST","66"
"2016/06/29 11:30:11 AM EST","49"
"2016/06/29 11:30:35 AM EST","56"
"2016/06/29 11:30:36 AM EST","49"
"2016/06/29 11:30:43 AM EST","50"
"2016/06/29 11:30:45 AM EST","53"
"2016/06/29 11:31:03 AM EST","51"
"2016/06/29 11:31:09 AM EST","59"
"2016/06/29 11:31:17 AM EST","48"
"2016/06/29 11:31:36 AM EST","50"
"2016/06/29 11:32:26 AM EST","46"
"2016/06/29 11:33:02 AM EST","46"
"2016/06/29 11:33:20 AM EST","80"
"2016/06/29 11:33:23 AM EST","56"
"2016/06/29 11:33:53 AM EST","47"
"2016/06/29 11:33:57 AM EST","60"
"2016/06/29 11:34:10 AM EST","50"
"2016/06/29 11:34:13 AM EST","51"
"2016/06/29 11:34:35 AM EST","49"
"2016/06/29 11:35:00 AM EST","55"
"2016/06/29 11:35:58 AM EST","48"
"2016/06/29 11:36:13 AM EST","null"
"2016/06/29 11:36:17 AM EST","51"
"2016/06/29 11:36:27 AM EST","passwords"
"2016/06/29 11:36:42 AM EST","55"
"2016/06/29 11:36:45 AM EST","56"
"2016/06/29 11:36:47 AM EST","60"
"2016/06/29 11:36:58 AM EST","48"
"2016/06/29 11:38:47 AM EST","57"
"2016/06/29 11:38:53 AM EST","45"
"2016/06/29 11:39:34 AM EST","63"
"2016/06/29 11:40:39 AM EST","53"
"2016/06/29 11:40:42 AM EST","57"
"2016/06/29 11:41:02 AM EST","1"
"2016/06/29 11:41:37 AM EST","54"
"2016/06/29 11:42:06 AM EST","40"
"2016/06/29 11:42:12 AM EST","57"
"2016/06/29 11:42:51 AM EST","50"
"2016/06/29 11:43:17 AM EST","55"
"2016/06/29 11:43:36 AM EST","48"
"2016/06/29 11:43:38 AM EST","49"
"2016/06/29 11:43:46 AM EST","99"
"2016/06/29 11:43:57 AM EST","GOOD"
"2016/06/29 11:44:06 AM EST","49"
"2016/06/29 11:44:32 AM EST","50"
"2016/06/29 11:44:46 AM EST","54"
"2016/06/29 11:45:16 AM EST","59"
"2016/06/29 11:45:27 AM EST","56"
"2016/06/29 11:46:25 AM EST","48"
"2016/06/29 11:46:45 AM EST","49"
"2016/06/29 11:47:08 AM EST","49"
"2016/06/29 11:47:59 AM EST","58"
"2016/06/29 11:48:41 AM EST","47"
"2016/06/29 11:48:53 AM EST","51"
"2016/06/29 11:48:54 AM EST","50"
"2016/06/29 11:49:02 AM EST","53"
"2016/06/29 11:49:55 AM EST","38"
"2016/06/29 11:50:00 AM EST","50"
"2016/06/29 11:50:13 AM EST","37"
"2016/06/29 11:50:28 AM EST","48"
"2016/06/29 11:50:31 AM EST","58"
"2016/06/29 11:50:43 AM EST","45"
"2016/06/29 11:50:59 AM EST","40"
"2016/06/29 11:51:17 AM EST","50"
"2016/06/29 11:51:40 AM EST","50"
"2016/06/29 11:52:24 AM EST","62"
"2016/06/29 11:52:31 AM EST","56"
"2016/06/29 11:52:42 AM EST","57"
"2016/06/29 11:53:14 AM EST","51"
"2016/06/29 11:53:16 AM EST","58"
"2016/06/29 11:53:21 AM EST","48"
"2016/06/29 11:53:45 AM EST","62"
"2016/06/29 11:54:37 AM EST","54"
"2016/06/29 11:54:49 AM EST","38"
"2016/06/29 11:55:07 AM EST","52"
"2016/06/29 11:55:16 AM EST","47"
"2016/06/29 11:55:43 AM EST","52"
"2016/06/29 11:56:05 AM EST","43"
"2016/06/29 11:56:11 AM EST","51"
"2016/06/29 11:56:44 AM EST","49"
"2016/06/29 11:57:09 AM EST","56"
"2016/06/29 11:57:10 AM EST","45"
"2016/06/29 11:57:13 AM EST","46"
"2016/06/29 11:57:16 AM EST","40"
"2016/06/29 11:57:38 AM EST","51"
"2016/06/29 11:57:50 AM EST","56"
"2016/06/29 11:58:11 AM EST","51"
"2016/06/29 11:58:39 AM EST","50"
"2016/06/29 11:58:43 AM EST","44"
"2016/06/29 11:58:49 AM EST","50"
"2016/06/29 11:59:02 AM EST","56"
"2016/06/29 11:59:03 AM EST","48"
"2016/06/29 11:59:13 AM EST","53"
"2016/06/29 11:59:50 AM EST","57"
"2016/06/29 12:00:06 PM EST","38"
"2016/06/29 12:00:27 PM EST","57"
"2016/06/29 12:00:39 PM EST","40"
"2016/06/29 12:00:55 PM EST","48"
"2016/06/29 12:00:58 PM EST","48"
"2016/06/29 12:01:51 PM EST","55"
"2016/06/29 12:01:51 PM EST","47"
"2016/06/29 12:02:07 PM EST","49"
"2016/06/29 12:02:09 PM EST","48"
"2016/06/29 12:02:51 PM EST","100"
"2016/06/29 12:03:06 PM EST","100"
"2016/06/29 12:03:07 PM EST","55"
"2016/06/29 12:03:08 PM EST","47"
"2016/06/29 12:03:10 PM EST","62"
"2016/06/29 12:03:29 PM EST","61"
"2016/06/29 12:03:50 PM EST","56"
"2016/06/29 12:03:53 PM EST","57"
"2016/06/29 12:04:20 PM EST","57"
"2016/06/29 12:04:29 PM EST","42"
"2016/06/29 12:05:04 PM EST","51"
"2016/06/29 12:05:08 PM EST","58"
"2016/06/29 12:05:17 PM EST","43"
"2016/06/29 12:05:25 PM EST","45"
"2016/06/29 12:05:39 PM EST","67"
"2016/06/29 12:05:47 PM EST","51"
"2016/06/29 12:05:48 PM EST","56"
"2016/06/29 12:06:01 PM EST","47"
"2016/06/29 12:06:03 PM EST","51"
"2016/06/29 12:06:39 PM EST","57"
"2016/06/29 12:06:50 PM EST","46"
"2016/06/29 12:06:58 PM EST","33"
"2016/06/29 12:07:41 PM EST","52"
"2016/06/29 12:07:56 PM EST","63"
"2016/06/29 12:08:05 PM EST","50"
"2016/06/29 12:08:13 PM EST","44"
"2016/06/29 12:08:24 PM EST","2"
"2016/06/29 12:08:32 PM EST","50"
"2016/06/29 12:08:41 PM EST","50"
"2016/06/29 12:09:01 PM EST","46"
"2016/06/29 12:09:19 PM EST","50"
"2016/06/29 12:10:02 PM EST","55"
"2016/06/29 12:10:13 PM EST","42"
"2016/06/29 12:10:17 PM EST","51"
"2016/06/29 12:10:20 PM EST","48"
"2016/06/29 12:10:24 PM EST","51"
"2016/06/29 12:10:35 PM EST","51"
"2016/06/29 12:10:36 PM EST","46"
"2016/06/29 12:11:16 PM EST","43"
"2016/06/29 12:11:38 PM EST","50"
"2016/06/29 12:11:42 PM EST","58"
"2016/06/29 12:12:08 PM EST","51"
"2016/06/29 12:12:09 PM EST","64"
"2016/06/29 12:12:11 PM EST","40"
"2016/06/29 12:12:31 PM EST","59"
"2016/06/29 12:12:35 PM EST","49"
"2016/06/29 12:13:03 PM EST","54"
"2016/06/29 12:13:03 PM EST","58"
"2016/06/29 12:13:29 PM EST","65"
"2016/06/29 12:13:44 PM EST","51"
"2016/06/29 12:14:00 PM EST","54"
"2016/06/29 12:14:04 PM EST","25"
"2016/06/29 12:14:19 PM EST","54"
"2016/06/29 12:14:33 PM EST","52"
"2016/06/29 12:14:38 PM EST","58"
"2016/06/29 12:15:07 PM EST","57"
"2016/06/29 12:15:15 PM EST","58"
"2016/06/29 12:15:26 PM EST","49"
"2016/06/29 12:15:35 PM EST","54"
"2016/06/29 12:15:39 PM EST","53"
"2016/06/29 12:15:43 PM EST","41"
"2016/06/29 12:15:44 PM EST","53"
"2016/06/29 12:15:54 PM EST","54"
"2016/06/29 12:15:58 PM EST","59"
"2016/06/29 12:16:01 PM EST","56"
"2016/06/29 12:16:05 PM EST","53"
"2016/06/29 12:16:24 PM EST","52"
"2016/06/29 12:16:32 PM EST","54"
"2016/06/29 12:16:36 PM EST","54"
"2016/06/29 12:16:45 PM EST","49"
"2016/06/29 12:16:49 PM EST","58"
"2016/06/29 12:16:51 PM EST","50"
"2016/06/29 12:16:51 PM EST","55"
"2016/06/29 12:16:53 PM EST","55"
"2016/06/29 12:17:08 PM EST","50"
"2016/06/29 12:17:09 PM EST","42"
"2016/06/29 12:17:24 PM EST","61"
"2016/06/29 12:17:52 PM EST","54"
"2016/06/29 12:17:55 PM EST","50"
"2016/06/29 12:18:20 PM EST","60"
"2016/06/29 12:18:25 PM EST","50"
"2016/06/29 12:18:28 PM EST","55"
"2016/06/29 12:18:59 PM EST","55"
"2016/06/29 12:19:31 PM EST","59"
"2016/06/29 12:19:45 PM EST","47"
"2016/06/29 12:19:46 PM EST","60"
"2016/06/29 12:19:49 PM EST","51"
"2016/06/29 12:19:53 PM EST","49"
"2016/06/29 12:19:53 PM EST","48"
"2016/06/29 12:20:12 PM EST","54"
"2016/06/29 12:20:51 PM EST","58"
"2016/06/29 12:20:54 PM EST","56"
"2016/06/29 12:21:04 PM EST","44"
"2016/06/29 12:21:15 PM EST","48"
"2016/06/29 12:21:16 PM EST","58"
"2016/06/29 12:21:24 PM EST","56"
"2016/06/29 12:21:29 PM EST","51"
"2016/06/29 12:21:36 PM EST","55"
"2016/06/29 12:21:39 PM EST","39"
"2016/06/29 12:21:40 PM EST","60"
"2016/06/29 12:21:50 PM EST","52"
"2016/06/29 12:21:51 PM EST","okay"
"2016/06/29 12:22:01 PM EST","meme"
"2016/06/29 12:22:18 PM EST","47"
"2016/06/29 12:22:24 PM EST","53"
"2016/06/29 12:22:42 PM EST","46"
"2016/06/29 12:22:48 PM EST","67"
"2016/06/29 12:22:51 PM EST","53"
"2016/06/29 12:23:47 PM EST","54"
"2016/06/29 12:23:57 PM EST","58"
"2016/06/29 12:24:02 PM EST","rrr"
"2016/06/29 12:24:10 PM EST","51"
"2016/06/29 12:24:18 PM EST","47"
"2016/06/29 12:24:19 PM EST","48"
"2016/06/29 12:24:48 PM EST","54"
"2016/06/29 12:24:55 PM EST","48"
"2016/06/29 12:24:56 PM EST","53"
"2016/06/29 12:25:01 PM EST","54"
"2016/06/29 12:25:09 PM EST","55"
"2016/06/29 12:25:11 PM EST","57"
"2016/06/29 12:25:46 PM EST","46"
"2016/06/29 12:26:00 PM EST","55"
"2016/06/29 12:26:09 PM EST","53"
"2016/06/29 12:26:14 PM EST","35"
"2016/06/29 12:26:19 PM EST","53"
"2016/06/29 12:26:22 PM EST","52"
"2016/06/29 12:26:22 PM EST","49"
"2016/06/29 12:26:30 PM EST","57"
"2016/06/29 12:26:32 PM EST","60"
"2016/06/29 12:26:35 PM EST","51"
"2016/06/29 12:26:46 PM EST","52"
"2016/06/29 12:27:00 PM EST","59"
"2016/06/29 12:27:19 PM EST","54"
"2016/06/29 12:27:30 PM EST","35"
"2016/06/29 12:27:33 PM EST","54"
"2016/06/29 12:27:49 PM EST","44"
"2016/06/29 12:27:51 PM EST","63"
"2016/06/29 12:28:02 PM EST","49"
"2016/06/29 12:28:09 PM EST","61"
"2016/06/29 12:28:29 PM EST","50"
"2016/06/29 12:28:51 PM EST","55"
"2016/06/29 12:29:20 PM EST","56"
"2016/06/29 12:29:25 PM EST","52"
"2016/06/29 12:29:37 PM EST","54"
"2016/06/29 12:29:40 PM EST","62"
"2016/06/29 12:29:57 PM EST","47"
"2016/06/29 12:30:01 PM EST","60"
"2016/06/29 12:30:07 PM EST","56"
"2016/06/29 12:30:11 PM EST","44"
"2016/06/29 12:30:11 PM EST","50"
"2016/06/29 12:30:15 PM EST","49"
"2016/06/29 12:30:15 PM EST","58"
"2016/06/29 12:30:20 PM EST","0"
"2016/06/29 12:30:26 PM EST","49"
"2016/06/29 12:30:33 PM EST","50"
"2016/06/29 12:30:35 PM EST","43"
"2016/06/29 12:30:39 PM EST","49"
"2016/06/29 12:30:50 PM EST","65"
"2016/06/29 12:31:01 PM EST","55"
"2016/06/29 12:31:03 PM EST","53"
"2016/06/29 12:31:03 PM EST","100"
"2016/06/29 12:31:13 PM EST","59"
"2016/06/29 12:31:32 PM EST","67"
"2016/06/29 12:31:38 PM EST","47"
"2016/06/29 12:31:49 PM EST","46"
"2016/06/29 12:31:58 PM EST","50"
"2016/06/29 12:31:59 PM EST","60"
"2016/06/29 12:32:01 PM EST","64"
"2016/06/29 12:32:19 PM EST","50"
"2016/06/29 12:32:22 PM EST","45"
"2016/06/29 12:32:51 PM EST","52"
"2016/06/29 12:32:56 PM EST","1000"
"2016/06/29 12:32:58 PM EST","55"
"2016/06/29 12:33:01 PM EST","57"
"2016/06/29 12:33:05 PM EST","71"
"2016/06/29 12:33:09 PM EST","57"
"2016/06/29 12:33:20 PM EST","50"
"2016/06/29 12:33:23 PM EST","49"
"2016/06/29 12:33:38 PM EST","54"
"2016/06/29 12:33:49 PM EST","59"
"2016/06/29 12:33:50 PM EST","53"
"2016/06/29 12:33:52 PM EST","53"
"2016/06/29 12:34:16 PM EST","55"
"2016/06/29 12:34:20 PM EST","60"
"2016/06/29 12:34:21 PM EST","51"
"2016/06/29 12:34:22 PM EST","54"
"2016/06/29 12:34:28 PM EST","43"
"2016/06/29 12:34:39 PM EST","56"
"2016/06/29 12:34:45 PM EST","52"
"2016/06/29 12:34:52 PM EST","0"
"2016/06/29 12:35:06 PM EST","50"
"2016/06/29 12:35:51 PM EST","51"
"2016/06/29 12:36:21 PM EST","69"
"2016/06/29 12:36:29 PM EST","57"
"2016/06/29 12:36:38 PM EST","70"
"2016/06/29 12:36:39 PM EST","69"
"2016/06/29 12:37:02 PM EST","42"
"2016/06/29 12:37:17 PM EST","42"
"2016/06/29 12:37:19 PM EST","56"
"2016/06/29 12:37:42 PM EST","60"
"2016/06/29 12:38:20 PM EST","46"
"2016/06/29 12:38:23 PM EST","51"
"2016/06/29 12:38:43 PM EST","48"
"2016/06/29 12:38:44 PM EST","52"
"2016/06/29 12:38:45 PM EST","61"
"2016/06/29 12:39:18 PM EST","51"
"2016/06/29 12:39:58 PM EST","70"
"2016/06/29 12:40:02 PM EST","58"
"2016/06/29 12:40:11 PM EST","58"
"2016/06/29 12:40:25 PM EST","54"
"2016/06/29 12:40:30 PM EST","65"
"2016/06/29 12:40:53 PM EST","49"
"2016/06/29 12:40:56 PM EST","51"
"2016/06/29 12:40:59 PM EST","56"
"2016/06/29 12:41:11 PM EST","51"
"2016/06/29 12:41:14 PM EST","48"
"2016/06/29 12:41:26 PM EST","56"
"2016/06/29 12:41:30 PM EST","48"
"2016/06/29 12:41:30 PM EST","44"
"2016/06/29 12:42:16 PM EST","57"
"2016/06/29 12:42:21 PM EST","49"
"2016/06/29 12:42:26 PM EST","57"
"2016/06/29 12:42:36 PM EST","47"
"2016/06/29 12:42:37 PM EST","38"
"2016/06/29 12:42:38 PM EST","42"
"2016/06/29 12:42:39 PM EST","55"
"2016/06/29 12:42:43 PM EST","48"
"2016/06/29 12:42:44 PM EST","38"
"2016/06/29 12:42:53 PM EST","46"
"2016/06/29 12:43:03 PM EST","48"
"2016/06/29 12:43:13 PM EST","62"
"2016/06/29 12:43:13 PM EST","52"
"2016/06/29 12:43:16 PM EST","60"
"2016/06/29 12:43:58 PM EST","51"
"2016/06/29 12:43:59 PM EST","0"
"2016/06/29 12:44:11 PM EST","39"
"2016/06/29 12:44:17 PM EST","48"
"2016/06/29 12:44:28 PM EST","55"
"2016/06/29 12:44:30 PM EST","54"
"2016/06/29 12:45:20 PM EST","51"
"2016/06/29 12:45:35 PM EST","49"
"2016/06/29 12:45:45 PM EST","50"
"2016/06/29 12:45:51 PM EST","47"
"2016/06/29 12:45:55 PM EST","0"
"2016/06/29 12:45:58 PM EST","52"
"2016/06/29 12:46:01 PM EST","45"
"2016/06/29 12:46:20 PM EST","45"
"2016/06/29 12:46:36 PM EST","51"
"2016/06/29 12:47:31 PM EST","59"
"2016/06/29 12:47:36 PM EST","58"
"2016/06/29 12:48:04 PM EST","50"
"2016/06/29 12:48:08 PM EST","54"
"2016/06/29 12:48:23 PM EST","36"
"2016/06/29 12:48:26 PM EST","42"
"2016/06/29 12:48:36 PM EST","42"
"2016/06/29 12:48:47 PM EST","48"
"2016/06/29 12:48:49 PM EST","57"
"2016/06/29 12:48:52 PM EST","53"
"2016/06/29 12:48:56 PM EST","53"
"2016/06/29 12:48:59 PM EST","53"
"2016/06/29 12:49:02 PM EST","53"
"2016/06/29 12:49:04 PM EST","53"
"2016/06/29 12:49:57 PM EST","44"
"2016/06/29 12:50:11 PM EST","68"
"2016/06/29 12:50:13 PM EST","51"
"2016/06/29 12:50:28 PM EST","57"
"2016/06/29 12:50:29 PM EST","53"
"2016/06/29 12:50:31 PM EST","45"
"2016/06/29 12:50:45 PM EST","49"
"2016/06/29 12:51:07 PM EST","33"
"2016/06/29 12:51:15 PM EST","55"
"2016/06/29 12:52:14 PM EST","47"
"2016/06/29 12:52:29 PM EST","50"
"2016/06/29 12:52:38 PM EST","65"
"2016/06/29 12:52:41 PM EST","55"
"2016/06/29 12:52:44 PM EST","49"
"2016/06/29 12:53:05 PM EST","53"
"2016/06/29 12:53:23 PM EST","47"
"2016/06/29 12:53:37 PM EST","46"
"2016/06/29 12:53:43 PM EST","58"
"2016/06/29 12:53:52 PM EST","43"
"2016/06/29 12:54:05 PM EST","56"
"2016/06/29 12:54:09 PM EST","46"
"2016/06/29 12:54:11 PM EST","53"
"2016/06/29 12:54:22 PM EST","51"
"2016/06/29 12:54:59 PM EST","56"
"2016/06/29 12:55:02 PM EST","44"
"2016/06/29 12:55:21 PM EST","45"
"2016/06/29 12:55:22 PM EST","55"
"2016/06/29 12:55:28 PM EST","50"
"2016/06/29 12:55:38 PM EST","68"
"2016/06/29 12:55:41 PM EST","40"
"2016/06/29 12:56:00 PM EST","66"
"2016/06/29 12:56:07 PM EST","48"
"2016/06/29 12:56:08 PM EST","63"
"2016/06/29 12:56:17 PM EST","38"
"2016/06/29 12:56:18 PM EST","42"
"2016/06/29 12:56:22 PM EST","44"
"2016/06/29 12:56:34 PM EST","53"
"2016/06/29 12:56:37 PM EST","56"
"2016/06/29 12:57:04 PM EST","67"
"2016/06/29 12:57:09 PM EST","51"
"2016/06/29 12:57:10 PM EST","44"
"2016/06/29 12:57:11 PM EST","38"
"2016/06/29 12:57:13 PM EST","59"
"2016/06/29 12:57:19 PM EST","5"
"2016/06/29 12:57:33 PM EST","47"
"2016/06/29 12:58:06 PM EST","60"
"2016/06/29 12:58:07 PM EST","i hate my team and my life"
"2016/06/29 12:58:13 PM EST","43"
"2016/06/29 12:58:15 PM EST","56"
"2016/06/29 12:58:17 PM EST","42"
"2016/06/29 12:58:17 PM EST","60"
"2016/06/29 12:58:26 PM EST","49"
"2016/06/29 12:58:30 PM EST","46"
"2016/06/29 12:58:32 PM EST","54"
"2016/06/29 12:58:35 PM EST","47"
"2016/06/29 12:58:56 PM EST","99"
"2016/06/29 12:59:04 PM EST","49"
"2016/06/29 12:59:13 PM EST","55"
"2016/06/29 12:59:22 PM EST","50"
"2016/06/29 12:59:32 PM EST","53"
"2016/06/29 12:59:36 PM EST","49"
"2016/06/29 12:59:46 PM EST","53"
"2016/06/29 1:00:00 PM EST","56"
"2016/06/29 1:00:02 PM EST","53"
"2016/06/29 1:00:12 PM EST","60"
"2016/06/29 1:00:18 PM EST","50"
"2016/06/29 1:00:24 PM EST","46"
"2016/06/29 1:00:30 PM EST","57"
"2016/06/29 1:00:38 PM EST","49"
"2016/06/29 1:00:52 PM EST","57"
"2016/06/29 1:00:58 PM EST","55"
"2016/06/29 1:01:06 PM EST","47"
"2016/06/29 1:01:15 PM EST","48"
"2016/06/29 1:01:19 PM EST","45"
"2016/06/29 1:01:20 PM EST","54"
"2016/06/29 1:01:26 PM EST","58"
"2016/06/29 1:01:32 PM EST","54"
"2016/06/29 1:01:35 PM EST","58"
"2016/06/29 1:01:41 PM EST","1"
"2016/06/29 1:01:47 PM EST","1"
"2016/06/29 1:01:57 PM EST","62"
"2016/06/29 1:01:57 PM EST","61"
"2016/06/29 1:01:59 PM EST","55"
"2016/06/29 1:02:02 PM EST","1"
"2016/06/29 1:02:04 PM EST","51"
"2016/06/29 1:02:06 PM EST","50"
"2016/06/29 1:02:37 PM EST","53"
"2016/06/29 1:02:37 PM EST","47"
"2016/06/29 1:02:39 PM EST","49"
"2016/06/29 1:02:52 PM EST","53"
"2016/06/29 1:02:53 PM EST","46"
"2016/06/29 1:02:54 PM EST","53"
"2016/06/29 1:03:04 PM EST","53"
"2016/06/29 1:03:12 PM EST","0"
"2016/06/29 1:03:13 PM EST","54"
"2016/06/29 1:03:15 PM EST","60"
"2016/06/29 1:03:40 PM EST","45"
"2016/06/29 1:03:55 PM EST","52"
"2016/06/29 1:03:56 PM EST","55"
"2016/06/29 1:04:12 PM EST","44"
"2016/06/29 1:04:19 PM EST","61"
"2016/06/29 1:04:24 PM EST","42"
"2016/06/29 1:04:37 PM EST","47"
"2016/06/29 1:04:37 PM EST","53"
"2016/06/29 1:04:42 PM EST","58"
"2016/06/29 1:05:09 PM EST","55"
"2016/06/29 1:05:23 PM EST","50"
"2016/06/29 1:05:32 PM EST","48"
"2016/06/29 1:05:51 PM EST","71"
"2016/06/29 1:05:57 PM EST","50"
"2016/06/29 1:06:14 PM EST","60"
"2016/06/29 1:06:18 PM EST","58"
"2016/06/29 1:06:20 PM EST","56"
"2016/06/29 1:06:21 PM EST","60"
"2016/06/29 1:06:26 PM EST","48"
"2016/06/29 1:06:38 PM EST","57"
"2016/06/29 1:06:40 PM EST","59"
"2016/06/29 1:06:52 PM EST","72"
"2016/06/29 1:07:02 PM EST","50"
"2016/06/29 1:07:09 PM EST","48"
"2016/06/29 1:07:10 PM EST","54"
"2016/06/29 1:07:11 PM EST","45"
"2016/06/29 1:07:11 PM EST","63"
"2016/06/29 1:07:15 PM EST","52"
"2016/06/29 1:07:19 PM EST","47"
"2016/06/29 1:07:33 PM EST","55"
"2016/06/29 1:07:45 PM EST","48"
"2016/06/29 1:07:49 PM EST","50"
"2016/06/29 1:07:52 PM EST","54"
"2016/06/29 1:07:52 PM EST","59"
"2016/06/29 1:08:24 PM EST","51"
"2016/06/29 1:08:31 PM EST","55"
"2016/06/29 1:08:39 PM EST","62"
"2016/06/29 1:08:58 PM EST","52"
"2016/06/29 1:09:22 PM EST","48"
"2016/06/29 1:09:26 PM EST","53"
"2016/06/29 1:10:08 PM EST","56"
"2016/06/29 1:10:09 PM EST","59"
"2016/06/29 1:10:30 PM EST","44"
"2016/06/29 1:10:37 PM EST","56"
"2016/06/29 1:10:48 PM EST","57"
"2016/06/29 1:11:05 PM EST","56"
"2016/06/29 1:11:08 PM EST","43"
"2016/06/29 1:11:14 PM EST","56"
"2016/06/29 1:11:18 PM EST","43"
"2016/06/29 1:11:21 PM EST","50"
"2016/06/29 1:11:24 PM EST","65"
"2016/06/29 1:11:26 PM EST","56"
"2016/06/29 1:11:33 PM EST","46"
"2016/06/29 1:11:35 PM EST","51"
"2016/06/29 1:11:40 PM EST","52"
"2016/06/29 1:11:41 PM EST","46"
"2016/06/29 1:11:45 PM EST","63"
"2016/06/29 1:11:49 PM EST","51"
"2016/06/29 1:11:54 PM EST","57"
"2016/06/29 1:11:59 PM EST","50"
"2016/06/29 1:12:24 PM EST","57"
"2016/06/29 1:12:39 PM EST","57"
"2016/06/29 1:12:53 PM EST","32"
"2016/06/29 1:12:58 PM EST","53"
"2016/06/29 1:13:55 PM EST","37"
"2016/06/29 1:14:00 PM EST","43"
"2016/06/29 1:14:07 PM EST","57"
"2016/06/29 1:14:12 PM EST","44"
"2016/06/29 1:14:22 PM EST","54"
"2016/06/29 1:14:23 PM EST","50"
"2016/06/29 1:14:53 PM EST","46"
"2016/06/29 1:15:07 PM EST","47"
"2016/06/29 1:15:24 PM EST","50"
"2016/06/29 1:15:45 PM EST","53"
"2016/06/29 1:15:50 PM EST","40"
"2016/06/29 1:16:03 PM EST","56"
"2016/06/29 1:16:24 PM EST","43"
"2016/06/29 1:16:51 PM EST","46"
"2016/06/29 1:17:01 PM EST","54"
"2016/06/29 1:17:25 PM EST","49"
"2016/06/29 1:17:57 PM EST","55"
"2016/06/29 1:18:16 PM EST","48"
"2016/06/29 1:18:20 PM EST","50"
"2016/06/29 1:18:32 PM EST","48"
"2016/06/29 1:18:47 PM EST","48"
"2016/06/29 1:18:57 PM EST","67"
"2016/06/29 1:19:25 PM EST","49"
"2016/06/29 1:19:27 PM EST","45"
"2016/06/29 1:19:46 PM EST","52"
"2016/06/29 1:19:49 PM EST","64"
"2016/06/29 1:20:05 PM EST","57"
"2016/06/29 1:20:11 PM EST","56"
"2016/06/29 1:20:21 PM EST","51"
"2016/06/29 1:20:27 PM EST","68"
"2016/06/29 1:20:46 PM EST","58"
"2016/06/29 1:20:48 PM EST","51"
"2016/06/29 1:21:02 PM EST","55"
"2016/06/29 1:21:16 PM EST","43"
"2016/06/29 1:21:19 PM EST","43"
"2016/06/29 1:21:23 PM EST","69"
"2016/06/29 1:21:45 PM EST","52"
"2016/06/29 1:21:53 PM EST","49"
"2016/06/29 1:21:55 PM EST","47"
"2016/06/29 1:21:58 PM EST","52"
"2016/06/29 1:22:04 PM EST","54"
"2016/06/29 1:22:05 PM EST","47"
"2016/06/29 1:22:06 PM EST","46"
"2016/06/29 1:22:25 PM EST","49"
"2016/06/29 1:22:33 PM EST","47"
"2016/06/29 1:23:00 PM EST","61"
"2016/06/29 1:23:12 PM EST","54"
"2016/06/29 1:23:17 PM EST","50"
"2016/06/29 1:23:21 PM EST","54"
"2016/06/29 1:23:25 PM EST","59"
"2016/06/29 1:23:40 PM EST","45"
"2016/06/29 1:23:46 PM EST","50"
"2016/06/29 1:23:52 PM EST","47"
"2016/06/29 1:24:05 PM EST","54"
"2016/06/29 1:24:23 PM EST","na"
"2016/06/29 1:24:25 PM EST","56"
"2016/06/29 1:24:32 PM EST","42"
"2016/06/29 1:24:46 PM EST","fdsadfasfd"
"2016/06/29 1:24:59 PM EST","55"
"2016/06/29 1:25:00 PM EST","51"
"2016/06/29 1:25:04 PM EST","53"
"2016/06/29 1:25:09 PM EST","58"
"2016/06/29 1:25:13 PM EST","51"
"2016/06/29 1:25:44 PM EST","55"
"2016/06/29 1:25:47 PM EST","42"
"2016/06/29 1:25:50 PM EST","47"
"2016/06/29 1:26:21 PM EST","56"
"2016/06/29 1:26:32 PM EST","50"
"2016/06/29 1:26:50 PM EST","2"
"2016/06/29 1:27:14 PM EST","52"
"2016/06/29 1:27:40 PM EST","69"
"2016/06/29 1:27:48 PM EST","54"
"2016/06/29 1:28:12 PM EST","59"
"2016/06/29 1:28:14 PM EST","47"
"2016/06/29 1:28:19 PM EST","60"
"2016/06/29 1:28:27 PM EST","47"
"2016/06/29 1:28:44 PM EST","53"
"2016/06/29 1:29:14 PM EST","75"
"2016/06/29 1:29:14 PM EST","43"
"2016/06/29 1:29:24 PM EST","100"
"2016/06/29 1:29:32 PM EST","43"
"2016/06/29 1:29:50 PM EST","53"
"2016/06/29 1:29:50 PM EST"," 70"
"2016/06/29 1:30:49 PM EST","33"
"2016/06/29 1:30:50 PM EST","50"
"2016/06/29 1:31:01 PM EST","42"
"2016/06/29 1:31:21 PM EST","44"
"2016/06/29 1:31:26 PM EST","64"
"2016/06/29 1:31:33 PM EST","47"
"2016/06/29 1:31:43 PM EST","50"
"2016/06/29 1:32:11 PM EST","1000"
"2016/06/29 1:32:12 PM EST","58"
"2016/06/29 1:32:19 PM EST","47"
"2016/06/29 1:32:28 PM EST","55"
"2016/06/29 1:32:40 PM EST","51"
"2016/06/29 1:32:47 PM EST","77"
"2016/06/29 1:32:57 PM EST","63"
"2016/06/29 1:33:07 PM EST","63"
"2016/06/29 1:33:11 PM EST","51"
"2016/06/29 1:33:16 PM EST","64"
"2016/06/29 1:33:22 PM EST","47"
"2016/06/29 1:33:25 PM EST","59"
"2016/06/29 1:33:27 PM EST","56"
"2016/06/29 1:33:38 PM EST","52"
"2016/06/29 1:33:40 PM EST","56"
"2016/06/29 1:33:55 PM EST","59"
"2016/06/29 1:34:06 PM EST","37"
"2016/06/29 1:34:13 PM EST","44"
"2016/06/29 1:34:25 PM EST","40"
"2016/06/29 1:35:22 PM EST","53"
"2016/06/29 1:35:26 PM EST","59"
"2016/06/29 1:35:41 PM EST","62"
"2016/06/29 1:35:50 PM EST","52"
"2016/06/29 1:36:02 PM EST","50"
"2016/06/29 1:36:08 PM EST","47"
"2016/06/29 1:36:46 PM EST","54"
"2016/06/29 1:37:02 PM EST","2"
"2016/06/29 1:37:26 PM EST","31"
"2016/06/29 1:37:36 PM EST","50"
"2016/06/29 1:37:47 PM EST","58"
"2016/06/29 1:37:48 PM EST","59"
"2016/06/29 1:37:52 PM EST","50"
"2016/06/29 1:38:03 PM EST","60"
"2016/06/29 1:38:06 PM EST","45"
"2016/06/29 1:38:06 PM EST","999"
"2016/06/29 1:38:08 PM EST","55"
"2016/06/29 1:38:17 PM EST","56"
"2016/06/29 1:38:19 PM EST","100"
"2016/06/29 1:38:38 PM EST","39"
"2016/06/29 1:38:46 PM EST","49"
"2016/06/29 1:38:48 PM EST","49"
"2016/06/29 1:39:05 PM EST","50"
"2016/06/29 1:39:33 PM EST","55"
"2016/06/29 1:39:39 PM EST","65"
"2016/06/29 1:40:16 PM EST","100"
"2016/06/29 1:40:19 PM EST","53"
"2016/06/29 1:40:30 PM EST","54"
"2016/06/29 1:40:31 PM EST","57"
"2016/06/29 1:40:48 PM EST","48"
"2016/06/29 1:40:54 PM EST","51"
"2016/06/29 1:41:18 PM EST","51"
"2016/06/29 1:41:20 PM EST","46"
"2016/06/29 1:41:28 PM EST","46"
"2016/06/29 1:41:32 PM EST","54"
"2016/06/29 1:41:33 PM EST","53"
"2016/06/29 1:41:39 PM EST","47"
"2016/06/29 1:41:40 PM EST","59"
"2016/06/29 1:41:45 PM EST","47"
"2016/06/29 1:41:50 PM EST","50"
"2016/06/29 1:42:19 PM EST","52"
"2016/06/29 1:42:29 PM EST","61"
"2016/06/29 1:42:54 PM EST","52"
"2016/06/29 1:43:00 PM EST","53"
"2016/06/29 1:43:02 PM EST","50"
"2016/06/29 1:43:32 PM EST","50"
"2016/06/29 1:43:41 PM EST","53"
"2016/06/29 1:44:08 PM EST","50"
"2016/06/29 1:44:34 PM EST","53"
"2016/06/29 1:44:34 PM EST","57"
"2016/06/29 1:44:35 PM EST","54"
"2016/06/29 1:44:44 PM EST","0"
"2016/06/29 1:44:51 PM EST","49"
"2016/06/29 1:44:55 PM EST","44"
"2016/06/29 1:44:58 PM EST","60"
"2016/06/29 1:45:05 PM EST","51"
"2016/06/29 1:45:05 PM EST","100"
"2016/06/29 1:45:06 PM EST","44"
"2016/06/29 1:45:12 PM EST","53"
"2016/06/29 1:45:12 PM EST","54"
"2016/06/29 1:45:13 PM EST","2"
"2016/06/29 1:45:16 PM EST","100"
"2016/06/29 1:45:20 PM EST","53"
"2016/06/29 1:45:23 PM EST","100"
"2016/06/29 1:45:29 PM EST","100"
"2016/06/29 1:45:32 PM EST","47"
"2016/06/29 1:45:39 PM EST","55"
"2016/06/29 1:45:49 PM EST","45"
"2016/06/29 1:45:54 PM EST","56"
"2016/06/29 1:46:09 PM EST","64"
"2016/06/29 1:46:12 PM EST","59"
"2016/06/29 1:46:17 PM EST","44"
"2016/06/29 1:46:19 PM EST","61"
"2016/06/29 1:46:23 PM EST","64"
"2016/06/29 1:46:23 PM EST","52"
"2016/06/29 1:46:23 PM EST","56"
"2016/06/29 1:46:29 PM EST","56"
"2016/06/29 1:46:31 PM EST","53"
"2016/06/29 1:46:33 PM EST","49"
"2016/06/29 1:46:40 PM EST","58"
"2016/06/29 1:46:46 PM EST","54"
"2016/06/29 1:46:53 PM EST","50"
"2016/06/29 1:47:32 PM EST","54"
"2016/06/29 1:48:01 PM EST","56"
"2016/06/29 1:48:07 PM EST","100"
"2016/06/29 1:48:37 PM EST","48"
"2016/06/29 1:48:40 PM EST","51"
"2016/06/29 1:49:10 PM EST","37"
"2016/06/29 1:49:14 PM EST","45"
"2016/06/29 1:49:28 PM EST","44"
"2016/06/29 1:49:37 PM EST","55"
"2016/06/29 1:49:38 PM EST","52"
"2016/06/29 1:49:54 PM EST","49"
"2016/06/29 1:49:58 PM EST","37"
"2016/06/29 1:50:09 PM EST","53"
"2016/06/29 1:50:09 PM EST","55"
"2016/06/29 1:50:11 PM EST","42"
"2016/06/29 1:50:53 PM EST","50"
"2016/06/29 1:51:12 PM EST","50"
"2016/06/29 1:51:29 PM EST","51"
"2016/06/29 1:51:32 PM EST","65"
"2016/06/29 1:51:33 PM EST","49"
"2016/06/29 1:51:41 PM EST","44"
"2016/06/29 1:51:54 PM EST","54"
"2016/06/29 1:52:14 PM EST","42"
"2016/06/29 1:52:30 PM EST","38"
"2016/06/29 1:52:37 PM EST","6"
"2016/06/29 1:52:42 PM EST","57"
"2016/06/29 1:52:59 PM EST","62"
"2016/06/29 1:53:19 PM EST","53"
"2016/06/29 1:53:36 PM EST","51"
"2016/06/29 1:53:43 PM EST","48"
"2016/06/29 1:53:45 PM EST","54"
"2016/06/29 1:54:04 PM EST","62"
"2016/06/29 1:54:05 PM EST","47"
"2016/06/29 1:54:07 PM EST","45"
"2016/06/29 1:54:11 PM EST","59"
"2016/06/29 1:54:17 PM EST","62"
"2016/06/29 1:54:19 PM EST","50"
"2016/06/29 1:54:23 PM EST","50"
"2016/06/29 1:55:04 PM EST","56"
"2016/06/29 1:56:07 PM EST","44"
"2016/06/29 1:56:19 PM EST","54"
"2016/06/29 1:56:20 PM EST","0"
"2016/06/29 1:56:34 PM EST","51"
"2016/06/29 1:56:41 PM EST","49"
"2016/06/29 1:57:05 PM EST","58"
"2016/06/29 1:57:16 PM EST","56"
"2016/06/29 1:57:17 PM EST","52"
"2016/06/29 1:57:18 PM EST","55"
"2016/06/29 1:57:28 PM EST","50"
"2016/06/29 1:58:00 PM EST","1"
"2016/06/29 1:58:06 PM EST","46"
"2016/06/29 1:58:44 PM EST","56"
"2016/06/29 1:58:45 PM EST","54"
"2016/06/29 1:59:13 PM EST","47"
"2016/06/29 1:59:20 PM EST","52"
"2016/06/29 1:59:44 PM EST","52"
"2016/06/29 1:59:51 PM EST","67"
"2016/06/29 1:59:54 PM EST","58"
"2016/06/29 2:00:50 PM EST","48"
"2016/06/29 2:01:52 PM EST","63"
"2016/06/29 2:02:26 PM EST","100"
"2016/06/29 2:02:34 PM EST","200"
"2016/06/29 2:02:40 PM EST","42"
"2016/06/29 2:02:46 PM EST","51"
"2016/06/29 2:02:59 PM EST","45"
"2016/06/29 2:03:15 PM EST","61"
"2016/06/29 2:03:43 PM EST","62"
"2016/06/29 2:03:48 PM EST","57"
"2016/06/29 2:03:57 PM EST","38"
"2016/06/29 2:04:00 PM EST","55"
"2016/06/29 2:04:08 PM EST","Gold"
"2016/06/29 2:05:02 PM EST","55"
"2016/06/29 2:05:03 PM EST","53"
"2016/06/29 2:05:06 PM EST","0"
"2016/06/29 2:05:13 PM EST","50"
"2016/06/29 2:05:14 PM EST","55"
"2016/06/29 2:05:16 PM EST","59"
"2016/06/29 2:05:19 PM EST","38"
"2016/06/29 2:05:22 PM EST","50"
"2016/06/29 2:05:25 PM EST","52"
"2016/06/29 2:05:31 PM EST","49"
"2016/06/29 2:05:59 PM EST","50"
"2016/06/29 2:06:18 PM EST","52"
"2016/06/29 2:06:20 PM EST","44"
"2016/06/29 2:06:40 PM EST","54"
"2016/06/29 2:06:53 PM EST","55"
"2016/06/29 2:06:58 PM EST","49"
"2016/06/29 2:07:04 PM EST","50"
"2016/06/29 2:07:08 PM EST","50"
"2016/06/29 2:07:17 PM EST","52"
"2016/06/29 2:07:24 PM EST","49"
"2016/06/29 2:07:29 PM EST","50"
"2016/06/29 2:07:41 PM EST","52"
"2016/06/29 2:07:43 PM EST","46"
"2016/06/29 2:08:22 PM EST","47"
"2016/06/29 2:08:58 PM EST","56"
"2016/06/29 2:09:02 PM EST","52"
"2016/06/29 2:09:44 PM EST","50"
"2016/06/29 2:09:51 PM EST","68"
"2016/06/29 2:09:56 PM EST","51"
"2016/06/29 2:09:58 PM EST","49"
"2016/06/29 2:10:04 PM EST","44"
"2016/06/29 2:10:21 PM EST","44"
"2016/06/29 2:10:42 PM EST","50"
"2016/06/29 2:11:17 PM EST","55"
"2016/06/29 2:11:24 PM EST","68"
"2016/06/29 2:11:31 PM EST","52"
"2016/06/29 2:11:54 PM EST","58"
"2016/06/29 2:12:03 PM EST","57"
"2016/06/29 2:12:23 PM EST","56"
"2016/06/29 2:12:56 PM EST","49"
"2016/06/29 2:13:09 PM EST","45"
"2016/06/29 2:13:28 PM EST","45"
"2016/06/29 2:13:45 PM EST","57"
"2016/06/29 2:13:49 PM EST","57"
"2016/06/29 2:13:58 PM EST","53"
"2016/06/29 2:14:00 PM EST","58"
"2016/06/29 2:14:08 PM EST","56"
"2016/06/29 2:14:09 PM EST","Bob Saget"
"2016/06/29 2:14:19 PM EST","47"
"2016/06/29 2:15:08 PM EST","66"
"2016/06/29 2:15:15 PM EST","51"
"2016/06/29 2:15:17 PM EST","66"
"2016/06/29 2:15:49 PM EST","47"
"2016/06/29 2:16:30 PM EST","1"
"2016/06/29 2:16:38 PM EST","56"
"2016/06/29 2:16:44 PM EST","45"
"2016/06/29 2:17:18 PM EST","50"
"2016/06/29 2:17:29 PM EST","47"
"2016/06/29 2:17:40 PM EST","54"
"2016/06/29 2:17:49 PM EST","50"
"2016/06/29 2:17:51 PM EST","47"
"2016/06/29 2:18:10 PM EST","44"
"2016/06/29 2:18:57 PM EST","48"
"2016/06/29 2:19:21 PM EST","58"
"2016/06/29 2:19:21 PM EST","56"
"2016/06/29 2:19:28 PM EST","50"
"2016/06/29 2:19:29 PM EST","51"
"2016/06/29 2:19:35 PM EST","57"
"2016/06/29 2:19:38 PM EST","49"
"2016/06/29 2:19:42 PM EST","54"
"2016/06/29 2:19:49 PM EST","46"
"2016/06/29 2:19:59 PM EST","55"
"2016/06/29 2:20:01 PM EST","46"
"2016/06/29 2:20:05 PM EST","43"
"2016/06/29 2:20:36 PM EST","57"
"2016/06/29 2:20:47 PM EST","53"
"2016/06/29 2:20:58 PM EST","59"
"2016/06/29 2:21:09 PM EST","44"
"2016/06/29 2:21:11 PM EST","50"
"2016/06/29 2:21:36 PM EST","0"
"2016/06/29 2:22:02 PM EST","43"
"2016/06/29 2:22:02 PM EST","50"
"2016/06/29 2:22:07 PM EST","56"
"2016/06/29 2:22:12 PM EST","55"
"2016/06/29 2:22:14 PM EST","54"
"2016/06/29 2:22:29 PM EST","0"
"2016/06/29 2:22:37 PM EST","62"
"2016/06/29 2:22:40 PM EST","59"
"2016/06/29 2:22:48 PM EST","1"
"2016/06/29 2:23:05 PM EST","0"
"2016/06/29 2:23:11 PM EST","100000000000"
"2016/06/29 2:23:12 PM EST","46"
"2016/06/29 2:23:18 PM EST","10000000000000000000000000000000000"
"2016/06/29 2:23:31 PM EST","54"
"2016/06/29 2:23:33 PM EST","54"
"2016/06/29 2:24:27 PM EST","57"
"2016/06/29 2:24:34 PM EST","55"
"2016/06/29 2:24:50 PM EST","50"
"2016/06/29 2:25:03 PM EST","53"
"2016/06/29 2:25:08 PM EST","58"
"2016/06/29 2:25:19 PM EST","55"
"2016/06/29 2:25:31 PM EST","46"
"2016/06/29 2:25:33 PM EST","62"
"2016/06/29 2:25:41 PM EST","43"
"2016/06/29 2:26:02 PM EST","62"
"2016/06/29 2:26:31 PM EST","58"
"2016/06/29 2:26:41 PM EST","43"
"2016/06/29 2:26:43 PM EST","61"
"2016/06/29 2:26:49 PM EST","50"
"2016/06/29 2:27:03 PM EST","54"
"2016/06/29 2:27:13 PM EST","48"
"2016/06/29 2:27:19 PM EST","50"
"2016/06/29 2:27:49 PM EST","45"
"2016/06/29 2:28:05 PM EST","55"
"2016/06/29 2:28:25 PM EST","53"
"2016/06/29 2:28:25 PM EST","43"
"2016/06/29 2:28:57 PM EST","56"
"2016/06/29 2:29:00 PM EST","56"
"2016/06/29 2:29:13 PM EST","47"
"2016/06/29 2:29:17 PM EST","56"
"2016/06/29 2:29:18 PM EST","48"
"2016/06/29 2:29:27 PM EST","56"
"2016/06/29 2:29:30 PM EST","56"
"2016/06/29 2:29:46 PM EST","52"
"2016/06/29 2:29:50 PM EST","1"
"2016/06/29 2:29:55 PM EST","50"
"2016/06/29 2:30:18 PM EST","55"
"2016/06/29 2:31:05 PM EST","54"
"2016/06/29 2:31:08 PM EST","49"
"2016/06/29 2:31:11 PM EST","56"
"2016/06/29 2:31:15 PM EST","50"
"2016/06/29 2:31:25 PM EST","53"
"2016/06/29 2:31:27 PM EST","52"
"2016/06/29 2:31:33 PM EST","54"
"2016/06/29 2:31:40 PM EST","56"
"2016/06/29 2:31:48 PM EST","42"
"2016/06/29 2:32:00 PM EST","50"
"2016/06/29 2:32:14 PM EST","54"
"2016/06/29 2:32:26 PM EST","58"
"2016/06/29 2:32:39 PM EST","60"
"2016/06/29 2:32:52 PM EST","53"
"2016/06/29 2:33:20 PM EST","66"
"2016/06/29 2:33:29 PM EST","70"
"2016/06/29 2:33:30 PM EST","45"
"2016/06/29 2:33:43 PM EST","48"
"2016/06/29 2:33:55 PM EST","52"
"2016/06/29 2:34:03 PM EST","54"
"2016/06/29 2:34:24 PM EST","53"
"2016/06/29 2:34:26 PM EST","50"
"2016/06/29 2:34:28 PM EST","57"
"2016/06/29 2:34:39 PM EST","58"
"2016/06/29 2:34:50 PM EST","56"
"2016/06/29 2:35:23 PM EST","44"
"2016/06/29 2:35:28 PM EST","62"
"2016/06/29 2:35:28 PM EST","99"
"2016/06/29 2:35:52 PM EST","50"
"2016/06/29 2:36:02 PM EST","47"
"2016/06/29 2:36:02 PM EST","53"
"2016/06/29 2:36:15 PM EST","40"
"2016/06/29 2:36:17 PM EST","50"
"2016/06/29 2:36:21 PM EST","50"
"2016/06/29 2:36:32 PM EST","53"
"2016/06/29 2:36:32 PM EST","50"
"2016/06/29 2:36:35 PM EST","38"
"2016/06/29 2:36:50 PM EST","61"
"2016/06/29 2:37:00 PM EST","53"
"2016/06/29 2:37:06 PM EST","62"
"2016/06/29 2:37:38 PM EST","51"
"2016/06/29 2:37:45 PM EST","43"
"2016/06/29 2:38:02 PM EST","59"
"2016/06/29 2:38:04 PM EST","57"
"2016/06/29 2:38:11 PM EST","47"
"2016/06/29 2:38:12 PM EST","78"
"2016/06/29 2:38:26 PM EST","54"
"2016/06/29 2:38:27 PM EST","46"
"2016/06/29 2:38:58 PM EST","54"
"2016/06/29 2:39:16 PM EST","43"
"2016/06/29 2:39:21 PM EST","59"
"2016/06/29 2:39:35 PM EST","52"
"2016/06/29 2:40:16 PM EST","48"
"2016/06/29 2:40:21 PM EST","50"
"2016/06/29 2:40:26 PM EST","52"
"2016/06/29 2:40:29 PM EST","46"
"2016/06/29 2:40:31 PM EST","49"
"2016/06/29 2:41:03 PM EST","51"
"2016/06/29 2:41:28 PM EST","52"
"2016/06/29 2:41:29 PM EST","54"
"2016/06/29 2:41:33 PM EST","46"
"2016/06/29 2:41:47 PM EST","46"
"2016/06/29 2:41:50 PM EST","55"
"2016/06/29 2:42:03 PM EST","47"
"2016/06/29 2:42:12 PM EST","58"
"2016/06/29 2:42:21 PM EST","47"
"2016/06/29 2:42:24 PM EST","45"
"2016/06/29 2:42:32 PM EST","47"
"2016/06/29 2:42:33 PM EST","47"
"2016/06/29 2:42:35 PM EST","39"
"2016/06/29 2:42:41 PM EST","44"
"2016/06/29 2:42:45 PM EST","63"
"2016/06/29 2:42:45 PM EST","56"
"2016/06/29 2:42:47 PM EST","57"
"2016/06/29 2:42:48 PM EST","50"
"2016/06/29 2:42:57 PM EST","21"
"2016/06/29 2:43:10 PM EST","49"
"2016/06/29 2:43:21 PM EST","50"
"2016/06/29 2:43:21 PM EST","58"
"2016/06/29 2:43:33 PM EST","51"
"2016/06/29 2:43:38 PM EST","51"
"2016/06/29 2:43:38 PM EST","61"
"2016/06/29 2:43:40 PM EST","53"
"2016/06/29 2:43:58 PM EST","12"
"2016/06/29 2:43:59 PM EST","45"
"2016/06/29 2:44:04 PM EST","54"
"2016/06/29 2:44:04 PM EST","56"
"2016/06/29 2:44:11 PM EST","40"
"2016/06/29 2:44:33 PM EST","51"
"2016/06/29 2:44:41 PM EST","51"
"2016/06/29 2:45:02 PM EST","52"
"2016/06/29 2:45:03 PM EST","54"
"2016/06/29 2:45:12 PM EST","77"
"2016/06/29 2:45:15 PM EST","41"
"2016/06/29 2:45:43 PM EST","59"
"2016/06/29 2:45:44 PM EST","47"
"2016/06/29 2:45:45 PM EST","58"
"2016/06/29 2:46:03 PM EST","65"
"2016/06/29 2:46:32 PM EST","48"
"2016/06/29 2:46:51 PM EST","76"
"2016/06/29 2:46:51 PM EST","51"
"2016/06/29 2:46:57 PM EST","76"
"2016/06/29 2:47:04 PM EST","47"
"2016/06/29 2:47:06 PM EST","53"
"2016/06/29 2:47:08 PM EST","50"
"2016/06/29 2:47:19 PM EST","52"
"2016/06/29 2:47:23 PM EST","47"
"2016/06/29 2:47:44 PM EST","50"
"2016/06/29 2:47:52 PM EST","55"
"2016/06/29 2:48:03 PM EST","63"
"2016/06/29 2:48:08 PM EST","43"
"2016/06/29 2:48:24 PM EST","49"
"2016/06/29 2:48:35 PM EST","45"
"2016/06/29 2:48:57 PM EST","48"
"2016/06/29 2:49:08 PM EST","59"
"2016/06/29 2:49:08 PM EST","50"
"2016/06/29 2:49:25 PM EST","52"
"2016/06/29 2:49:34 PM EST","57"
"2016/06/29 2:49:37 PM EST","60"
"2016/06/29 2:49:41 PM EST","54"
"2016/06/29 2:49:52 PM EST","52"
"2016/06/29 2:49:55 PM EST","59"
"2016/06/29 2:50:01 PM EST","1"
"2016/06/29 2:50:03 PM EST","51"
"2016/06/29 2:50:05 PM EST","47"
"2016/06/29 2:50:12 PM EST","Running"
"2016/06/29 2:50:15 PM EST","51"
"2016/06/29 2:50:52 PM EST","57"
"2016/06/29 2:51:10 PM EST","51"
"2016/06/29 2:51:11 PM EST","49"
"2016/06/29 2:51:13 PM EST","44"
"2016/06/29 2:51:17 PM EST","34"
"2016/06/29 2:52:26 PM EST","62"
"2016/06/29 2:53:14 PM EST","63"
"2016/06/29 2:53:15 PM EST","43"
"2016/06/29 2:53:35 PM EST","50"
"2016/06/29 2:54:00 PM EST","41"
"2016/06/29 2:54:12 PM EST","51"
"2016/06/29 2:54:17 PM EST","50"
"2016/06/29 2:54:38 PM EST","37"
"2016/06/29 2:55:06 PM EST","53"
"2016/06/29 2:55:15 PM EST","48"
"2016/06/29 2:55:18 PM EST","48"
"2016/06/29 2:55:19 PM EST","56"
"2016/06/29 2:55:31 PM EST","49"
"2016/06/29 2:55:36 PM EST","36"
"2016/06/29 2:56:09 PM EST","11"
"2016/06/29 2:56:10 PM EST","51"
"2016/06/29 2:56:13 PM EST","61"
"2016/06/29 2:56:24 PM EST","45"
"2016/06/29 2:56:34 PM EST","46"
"2016/06/29 2:56:35 PM EST","47"
"2016/06/29 2:57:13 PM EST","56"
"2016/06/29 2:57:36 PM EST","47"
"2016/06/29 2:58:01 PM EST","58"
"2016/06/29 2:58:08 PM EST","58"
"2016/06/29 2:58:16 PM EST","0"
"2016/06/29 2:58:49 PM EST","63"
"2016/06/29 2:58:56 PM EST","60"
"2016/06/29 2:58:57 PM EST","56"
"2016/06/29 2:59:30 PM EST","64"
"2016/06/29 2:59:35 PM EST","62"
"2016/06/29 2:59:41 PM EST","39"
"2016/06/29 2:59:44 PM EST","54"
"2016/06/29 3:00:09 PM EST","50"
"2016/06/29 3:00:20 PM EST","45"
"2016/06/29 3:00:29 PM EST","53"
"2016/06/29 3:00:55 PM EST","51"
"2016/06/29 3:01:02 PM EST","40"
"2016/06/29 3:01:03 PM EST","44"
"2016/06/29 3:01:08 PM EST","50"
"2016/06/29 3:01:27 PM EST","50"
"2016/06/29 3:01:35 PM EST","59"
"2016/06/29 3:01:40 PM EST","48"
"2016/06/29 3:02:17 PM EST","51"
"2016/06/29 3:02:22 PM EST","65"
"2016/06/29 3:02:31 PM EST","50"
"2016/06/29 3:02:40 PM EST","47"
"2016/06/29 3:03:07 PM EST","48"
"2016/06/29 3:03:14 PM EST","55"
"2016/06/29 3:03:15 PM EST","49"
"2016/06/29 3:03:59 PM EST","46"
"2016/06/29 3:04:10 PM EST","54"
"2016/06/29 3:04:20 PM EST","48"
"2016/06/29 3:04:29 PM EST","52"
"2016/06/29 3:04:30 PM EST","52"
"2016/06/29 3:04:43 PM EST","53"
"2016/06/29 3:04:45 PM EST","50"
"2016/06/29 3:04:47 PM EST","59"
"2016/06/29 3:04:58 PM EST","51"
"2016/06/29 3:04:59 PM EST","41"
"2016/06/29 3:05:03 PM EST","47"
"2016/06/29 3:05:04 PM EST","47"
"2016/06/29 3:05:07 PM EST","49"
"2016/06/29 3:05:10 PM EST","44"
"2016/06/29 3:05:13 PM EST","47"
"2016/06/29 3:05:21 PM EST","47"
"2016/06/29 3:05:27 PM EST","48"
"2016/06/29 3:05:29 PM EST","60"
"2016/06/29 3:05:31 PM EST","50"
"2016/06/29 3:05:34 PM EST","suxk my dik fagit"
"2016/06/29 3:05:35 PM EST","55"
"2016/06/29 3:05:43 PM EST","42"
"2016/06/29 3:05:50 PM EST","44"
"2016/06/29 3:05:58 PM EST","42"
"2016/06/29 3:06:01 PM EST","gonna lose all game on purpose"
"2016/06/29 3:06:28 PM EST","51"
"2016/06/29 3:06:42 PM EST","62"
"2016/06/29 3:07:22 PM EST","53"
"2016/06/29 3:07:22 PM EST","42"
"2016/06/29 3:07:30 PM EST","50"
"2016/06/29 3:07:32 PM EST","59"
"2016/06/29 3:07:38 PM EST","45"
"2016/06/29 3:07:44 PM EST","59"
"2016/06/29 3:08:57 PM EST","59"
"2016/06/29 3:09:10 PM EST","56"
"2016/06/29 3:09:21 PM EST","45"
"2016/06/29 3:09:25 PM EST","50"
"2016/06/29 3:09:30 PM EST","47"
"2016/06/29 3:09:50 PM EST","50"
"2016/06/29 3:10:08 PM EST","56"
"2016/06/29 3:10:33 PM EST","44"
"2016/06/29 3:10:33 PM EST","54"
"2016/06/29 3:10:37 PM EST","53"
"2016/06/29 3:10:52 PM EST","70"
"2016/06/29 3:11:00 PM EST","47"
"2016/06/29 3:11:11 PM EST","68"
"2016/06/29 3:11:26 PM EST","52"
"2016/06/29 3:11:37 PM EST","51"
"2016/06/29 3:11:43 PM EST","52"
"2016/06/29 3:12:00 PM EST","67"
"2016/06/29 3:12:20 PM EST","57"
"2016/06/29 3:12:28 PM EST","52"
"2016/06/29 3:12:31 PM EST","47"
"2016/06/29 3:12:35 PM EST","59"
"2016/06/29 3:12:39 PM EST","63"
"2016/06/29 3:12:47 PM EST","51"
"2016/06/29 3:12:53 PM EST","46"
"2016/06/29 3:12:53 PM EST","44"
"2016/06/29 3:13:04 PM EST","57"
"2016/06/29 3:13:09 PM EST","57"
"2016/06/29 3:13:35 PM EST","53"
"2016/06/29 3:13:50 PM EST","53"
"2016/06/29 3:13:51 PM EST","56"
"2016/06/29 3:14:10 PM EST","58"
"2016/06/29 3:14:28 PM EST","50"
"2016/06/29 3:14:39 PM EST","58"
"2016/06/29 3:14:44 PM EST","48"
"2016/06/29 3:14:46 PM EST","44"
"2016/06/29 3:14:47 PM EST","99"
"2016/06/29 3:14:48 PM EST","51"
"2016/06/29 3:14:51 PM EST","43"
"2016/06/29 3:14:58 PM EST","46"
"2016/06/29 3:15:44 PM EST","56"
"2016/06/29 3:16:08 PM EST","52"
"2016/06/29 3:16:11 PM EST","60"
"2016/06/29 3:16:20 PM EST","50"
"2016/06/29 3:16:21 PM EST","53"
"2016/06/29 3:16:22 PM EST","53"
"2016/06/29 3:16:24 PM EST","44"
"2016/06/29 3:16:26 PM EST","50"
"2016/06/29 3:16:33 PM EST","51"
"2016/06/29 3:16:39 PM EST","49"
"2016/06/29 3:16:52 PM EST","57"
"2016/06/29 3:17:09 PM EST","59"
"2016/06/29 3:17:11 PM EST","46"
"2016/06/29 3:17:13 PM EST","51"
"2016/06/29 3:17:22 PM EST","99"
"2016/06/29 3:17:22 PM EST","55"
"2016/06/29 3:17:29 PM EST","51"
"2016/06/29 3:17:48 PM EST","51"
"2016/06/29 3:17:50 PM EST","45"
"2016/06/29 3:17:52 PM EST","71"
"2016/06/29 3:17:58 PM EST","59"
"2016/06/29 3:18:07 PM EST","61"
"2016/06/29 3:18:21 PM EST","77"
"2016/06/29 3:18:21 PM EST","47"
"2016/06/29 3:18:31 PM EST","58"
"2016/06/29 3:18:44 PM EST","54"
"2016/06/29 3:18:45 PM EST","48"
"2016/06/29 3:18:46 PM EST","54"
"2016/06/29 3:18:57 PM EST","43"
"2016/06/29 3:18:59 PM EST","55"
"2016/06/29 3:19:06 PM EST","55"
"2016/06/29 3:19:13 PM EST","55"
"2016/06/29 3:19:13 PM EST","45"
"2016/06/29 3:19:17 PM EST","4"
"2016/06/29 3:19:18 PM EST","55"
"2016/06/29 3:19:21 PM EST","46"
"2016/06/29 3:19:26 PM EST","38"
"2016/06/29 3:19:36 PM EST","56"
"2016/06/29 3:20:18 PM EST","49"
"2016/06/29 3:20:23 PM EST","60"
"2016/06/29 3:20:33 PM EST","55"
"2016/06/29 3:20:39 PM EST","53"
"2016/06/29 3:20:44 PM EST","47"
"2016/06/29 3:21:09 PM EST","47"
"2016/06/29 3:21:15 PM EST","60"
"2016/06/29 3:21:31 PM EST","54"
"2016/06/29 3:21:33 PM EST","55"
"2016/06/29 3:21:38 PM EST","50"
"2016/06/29 3:21:42 PM EST","48"
"2016/06/29 3:21:59 PM EST","63"
"2016/06/29 3:22:04 PM EST","54"
"2016/06/29 3:22:04 PM EST","44"
"2016/06/29 3:22:07 PM EST","54"
"2016/06/29 3:22:12 PM EST","50"
"2016/06/29 3:22:13 PM EST","51"
"2016/06/29 3:22:36 PM EST","4565674"
"2016/06/29 3:22:44 PM EST","58"
"2016/06/29 3:23:10 PM EST","48"
"2016/06/29 3:23:28 PM EST","50"
"2016/06/29 3:23:30 PM EST","57"
"2016/06/29 3:23:49 PM EST","61"
"2016/06/29 3:23:59 PM EST","59"
"2016/06/29 3:24:00 PM EST","47"
"2016/06/29 3:24:04 PM EST","57"
"2016/06/29 3:24:04 PM EST","60"
"2016/06/29 3:24:14 PM EST","51"
"2016/06/29 3:24:15 PM EST","57"
"2016/06/29 3:24:36 PM EST","49"
"2016/06/29 3:24:49 PM EST","48"
"2016/06/29 3:24:57 PM EST","51"
"2016/06/29 3:25:17 PM EST","40"
"2016/06/29 3:25:21 PM EST","54"
"2016/06/29 3:25:21 PM EST","65"
"2016/06/29 3:25:23 PM EST","52"
"2016/06/29 3:25:39 PM EST","50"
"2016/06/29 3:25:53 PM EST","69"
"2016/06/29 3:26:00 PM EST","55"
"2016/06/29 3:26:05 PM EST","44"
"2016/06/29 3:26:29 PM EST","60"
"2016/06/29 3:26:29 PM EST","58"
"2016/06/29 3:26:39 PM EST","51"
"2016/06/29 3:26:46 PM EST","58"
"2016/06/29 3:26:48 PM EST","49"
"2016/06/29 3:26:55 PM EST","47"
"2016/06/29 3:27:00 PM EST","55"
"2016/06/29 3:27:04 PM EST","54"
"2016/06/29 3:27:14 PM EST","62"
"2016/06/29 3:27:15 PM EST","53"
"2016/06/29 3:27:23 PM EST","48"
"2016/06/29 3:27:27 PM EST","47"
"2016/06/29 3:27:43 PM EST","59"
"2016/06/29 3:27:44 PM EST","52"
"2016/06/29 3:28:16 PM EST","53"
"2016/06/29 3:28:17 PM EST","42"
"2016/06/29 3:28:19 PM EST","54"
"2016/06/29 3:28:24 PM EST","64"
"2016/06/29 3:28:24 PM EST","61"
"2016/06/29 3:28:24 PM EST","53"
"2016/06/29 3:28:27 PM EST","55"
"2016/06/29 3:28:33 PM EST","52"
"2016/06/29 3:28:41 PM EST","40"
"2016/06/29 3:28:47 PM EST","46"
"2016/06/29 3:28:53 PM EST","54"
"2016/06/29 3:29:00 PM EST","47"
"2016/06/29 3:29:02 PM EST","54"
"2016/06/29 3:29:13 PM EST","55"
"2016/06/29 3:29:38 PM EST","50"
"2016/06/29 3:29:41 PM EST","61"
"2016/06/29 3:30:21 PM EST","53"
"2016/06/29 3:30:51 PM EST","52"
"2016/06/29 3:31:00 PM EST","55"
"2016/06/29 3:31:04 PM EST","50"
"2016/06/29 3:31:12 PM EST","55"
"2016/06/29 3:31:23 PM EST","55"
"2016/06/29 3:31:40 PM EST","65"
"2016/06/29 3:31:48 PM EST","55"
"2016/06/29 3:31:54 PM EST","69"
"2016/06/29 3:31:55 PM EST","50"
"2016/06/29 3:32:02 PM EST","49"
"2016/06/29 3:32:15 PM EST","42"
"2016/06/29 3:32:16 PM EST","55"
"2016/06/29 3:32:26 PM EST","47"
"2016/06/29 3:32:38 PM EST","43"
"2016/06/29 3:32:42 PM EST","57"
"2016/06/29 3:32:49 PM EST","40"
"2016/06/29 3:32:51 PM EST","62"
"2016/06/29 3:32:58 PM EST","56"
"2016/06/29 3:33:09 PM EST","48"
"2016/06/29 3:33:29 PM EST","53"
"2016/06/29 3:33:33 PM EST","51"
"2016/06/29 3:33:48 PM EST","50"
"2016/06/29 3:33:51 PM EST","2"
"2016/06/29 3:33:55 PM EST","51"
"2016/06/29 3:33:59 PM EST","53"
"2016/06/29 3:34:03 PM EST","55"
"2016/06/29 3:34:03 PM EST","56"
"2016/06/29 3:34:04 PM EST","57"
"2016/06/29 3:34:12 PM EST","45"
"2016/06/29 3:34:16 PM EST","48"
"2016/06/29 3:34:27 PM EST","45"
"2016/06/29 3:34:32 PM EST","58"
"2016/06/29 3:34:35 PM EST","52"
"2016/06/29 3:34:42 PM EST","50"
"2016/06/29 3:34:58 PM EST","44"
"2016/06/29 3:35:15 PM EST","joijoi"
"2016/06/29 3:35:25 PM EST","56"
"2016/06/29 3:35:37 PM EST","100"
"2016/06/29 3:35:44 PM EST","71"
"2016/06/29 3:36:18 PM EST","50"
"2016/06/29 3:36:24 PM EST","35"
"2016/06/29 3:36:31 PM EST","45"
"2016/06/29 3:36:37 PM EST","42"
"2016/06/29 3:36:37 PM EST","50"
"2016/06/29 3:36:40 PM EST","37"
"2016/06/29 3:36:42 PM EST","43"
"2016/06/29 3:36:46 PM EST","46"
"2016/06/29 3:36:52 PM EST","54"
"2016/06/29 3:37:31 PM EST","58"
"2016/06/29 3:37:50 PM EST","45"
"2016/06/29 3:38:18 PM EST","61"
"2016/06/29 3:38:29 PM EST","47"
"2016/06/29 3:38:39 PM EST","45"
"2016/06/29 3:38:43 PM EST","51"
"2016/06/29 3:38:55 PM EST","51"
"2016/06/29 3:39:20 PM EST","52"
"2016/06/29 3:39:27 PM EST","46"
"2016/06/29 3:39:48 PM EST","57"
"2016/06/29 3:39:53 PM EST","59"
"2016/06/29 3:39:59 PM EST","50"
"2016/06/29 3:40:01 PM EST","51"
"2016/06/29 3:40:03 PM EST","57"
"2016/06/29 3:40:05 PM EST","59"
"2016/06/29 3:40:06 PM EST","53"
"2016/06/29 3:40:27 PM EST","42"
"2016/06/29 3:40:28 PM EST","60"
"2016/06/29 3:40:29 PM EST","2"
"2016/06/29 3:40:51 PM EST","43"
"2016/06/29 3:41:09 PM EST","54"
"2016/06/29 3:41:13 PM EST","49"
"2016/06/29 3:41:43 PM EST","59"
"2016/06/29 3:41:48 PM EST","54"
"2016/06/29 3:41:58 PM EST","44"
"2016/06/29 3:42:06 PM EST","56"
"2016/06/29 3:42:35 PM EST","57"
"2016/06/29 3:42:36 PM EST","53"
"2016/06/29 3:42:37 PM EST","56"
"2016/06/29 3:42:38 PM EST","46"
"2016/06/29 3:42:42 PM EST","44"
"2016/06/29 3:42:49 PM EST","12"
"2016/06/29 3:42:55 PM EST","99"
"2016/06/29 3:42:56 PM EST","49"
"2016/06/29 3:43:00 PM EST","36"
"2016/06/29 3:43:25 PM EST","49"
"2016/06/29 3:43:32 PM EST","44"
"2016/06/29 3:43:35 PM EST","50"
"2016/06/29 3:43:52 PM EST","51"
"2016/06/29 3:44:05 PM EST","49"
"2016/06/29 3:44:43 PM EST","10"
"2016/06/29 3:44:44 PM EST","56"
"2016/06/29 3:45:01 PM EST","56"
"2016/06/29 3:45:02 PM EST","41"
"2016/06/29 3:45:09 PM EST","55"
"2016/06/29 3:45:13 PM EST","49"
"2016/06/29 3:45:14 PM EST","48"
"2016/06/29 3:45:26 PM EST","51"
"2016/06/29 3:45:42 PM EST","42"
"2016/06/29 3:45:49 PM EST","62"
"2016/06/29 3:45:52 PM EST","49"
"2016/06/29 3:46:29 PM EST","47"
"2016/06/29 3:46:38 PM EST","55"
"2016/06/29 3:46:44 PM EST","60"
"2016/06/29 3:46:47 PM EST","54"
"2016/06/29 3:47:02 PM EST","43"
"2016/06/29 3:47:12 PM EST","54"
"2016/06/29 3:47:22 PM EST","50"
"2016/06/29 3:47:23 PM EST","46"
"2016/06/29 3:47:36 PM EST","63"
"2016/06/29 3:47:39 PM EST","50"
"2016/06/29 3:47:57 PM EST","50"
"2016/06/29 3:48:02 PM EST","46"
"2016/06/29 3:48:37 PM EST","61"
"2016/06/29 3:49:16 PM EST","8-2"
"2016/06/29 3:49:27 PM EST","40"
"2016/06/29 3:49:32 PM EST","49"
"2016/06/29 3:49:49 PM EST","28"
"2016/06/29 3:49:56 PM EST","51"
"2016/06/29 3:50:15 PM EST","53"
"2016/06/29 3:50:24 PM EST","42"
"2016/06/29 3:50:37 PM EST","57"
"2016/06/29 3:50:43 PM EST","51"
"2016/06/29 3:50:50 PM EST","48"
"2016/06/29 3:50:56 PM EST","57"
"2016/06/29 3:51:27 PM EST","57"
"2016/06/29 3:51:30 PM EST","51"
"2016/06/29 3:51:59 PM EST","53"
"2016/06/29 3:52:02 PM EST","65"
"2016/06/29 3:52:06 PM EST","48"
"2016/06/29 3:52:06 PM EST","56"
"2016/06/29 3:52:12 PM EST","58"
"2016/06/29 3:52:15 PM EST","46"
"2016/06/29 3:52:25 PM EST","53"
"2016/06/29 3:52:25 PM EST","49"
"2016/06/29 3:52:27 PM EST","51"
"2016/06/29 3:52:34 PM EST","111111"
"2016/06/29 3:52:34 PM EST","58"
"2016/06/29 3:52:47 PM EST","50"
"2016/06/29 3:53:18 PM EST","45"
"2016/06/29 3:53:21 PM EST","52"
"2016/06/29 3:53:24 PM EST","60"
"2016/06/29 3:53:32 PM EST","65"
"2016/06/29 3:54:05 PM EST","48"
"2016/06/29 3:54:24 PM EST","45"
"2016/06/29 3:54:31 PM EST","51"
"2016/06/29 3:54:32 PM EST","54"
"2016/06/29 3:54:33 PM EST","66"
"2016/06/29 3:55:08 PM EST","51"
"2016/06/29 3:55:28 PM EST","55"
"2016/06/29 3:55:39 PM EST","55"
"2016/06/29 3:56:07 PM EST","55"
"2016/06/29 3:56:15 PM EST","51"
"2016/06/29 3:56:24 PM EST","56"
"2016/06/29 3:56:28 PM EST","52"
"2016/06/29 3:56:29 PM EST","47"
"2016/06/29 3:56:46 PM EST","61"
"2016/06/29 3:56:52 PM EST","54"
"2016/06/29 3:56:53 PM EST","50"
"2016/06/29 3:57:13 PM EST","59"
"2016/06/29 3:57:19 PM EST","53"
"2016/06/29 3:57:37 PM EST","54"
"2016/06/29 3:57:38 PM EST","52"
"2016/06/29 3:57:45 PM EST","53"
"2016/06/29 3:57:56 PM EST","48"
"2016/06/29 3:58:00 PM EST","56"
"2016/06/29 3:58:02 PM EST","5"
"2016/06/29 3:58:30 PM EST","72"
"2016/06/29 3:58:33 PM EST","1"
"2016/06/29 3:58:37 PM EST","1"
"2016/06/29 3:58:41 PM EST","1"
"2016/06/29 3:58:46 PM EST","1"
"2016/06/29 3:58:49 PM EST","1"
"2016/06/29 3:58:52 PM EST","1"
"2016/06/29 3:58:56 PM EST","51"
"2016/06/29 3:58:56 PM EST","1"
"2016/06/29 3:58:59 PM EST","1"
"2016/06/29 3:59:03 PM EST","1"
"2016/06/29 3:59:09 PM EST","50"
"2016/06/29 3:59:22 PM EST","46"
"2016/06/29 3:59:25 PM EST","57"
"2016/06/29 3:59:29 PM EST","49"
"2016/06/29 3:59:29 PM EST","57"
"2016/06/29 3:59:42 PM EST","54"
"2016/06/29 3:59:43 PM EST","60"
"2016/06/29 3:59:44 PM EST","58"
"2016/06/29 3:59:56 PM EST","55"
"2016/06/29 4:00:11 PM EST","53"
"2016/06/29 4:00:33 PM EST","53"
"2016/06/29 4:01:17 PM EST","53"
"2016/06/29 4:01:36 PM EST","48"
"2016/06/29 4:01:39 PM EST","55"
"2016/06/29 4:01:46 PM EST","54"
"2016/06/29 4:01:54 PM EST","60"
"2016/06/29 4:02:34 PM EST","50"
"2016/06/29 4:02:37 PM EST","55"
"2016/06/29 4:03:01 PM EST","47"
"2016/06/29 4:03:05 PM EST","55"
"2016/06/29 4:03:07 PM EST","72"
"2016/06/29 4:03:19 PM EST","54"
"2016/06/29 4:04:02 PM EST","53"
"2016/06/29 4:04:18 PM EST","46"
"2016/06/29 4:04:29 PM EST","57"
"2016/06/29 4:04:36 PM EST","49"
"2016/06/29 4:04:37 PM EST","53"
"2016/06/29 4:05:06 PM EST","48"
"2016/06/29 4:05:14 PM EST","47"
"2016/06/29 4:05:15 PM EST","58"
"2016/06/29 4:05:48 PM EST","51"
"2016/06/29 4:06:00 PM EST","48"
"2016/06/29 4:06:12 PM EST","52"
"2016/06/29 4:06:19 PM EST","50"
"2016/06/29 4:06:21 PM EST","44"
"2016/06/29 4:06:37 PM EST","39"
"2016/06/29 4:06:39 PM EST","58"
"2016/06/29 4:06:45 PM EST","47"
"2016/06/29 4:07:12 PM EST","72"
"2016/06/29 4:07:25 PM EST","48"
"2016/06/29 4:07:42 PM EST","60"
"2016/06/29 4:07:55 PM EST","49"
"2016/06/29 4:07:58 PM EST","55"
"2016/06/29 4:08:10 PM EST","54"
"2016/06/29 4:08:12 PM EST","51"
"2016/06/29 4:08:18 PM EST","51"
"2016/06/29 4:08:31 PM EST","38"
"2016/06/29 4:08:34 PM EST","54"
"2016/06/29 4:08:44 PM EST","54"
"2016/06/29 4:08:48 PM EST","50"
"2016/06/29 4:08:50 PM EST","54"
"2016/06/29 4:08:55 PM EST","53"
"2016/06/29 4:09:14 PM EST","62"
"2016/06/29 4:09:20 PM EST","45"
"2016/06/29 4:09:27 PM EST","58"
"2016/06/29 4:09:49 PM EST","60"
"2016/06/29 4:10:15 PM EST","51"
"2016/06/29 4:10:19 PM EST","58"
"2016/06/29 4:10:20 PM EST","61"
"2016/06/29 4:10:56 PM EST","42"
"2016/06/29 4:11:05 PM EST","52"
"2016/06/29 4:11:10 PM EST","55"
"2016/06/29 4:11:18 PM EST","56"
"2016/06/29 4:11:23 PM EST","52"
"2016/06/29 4:11:44 PM EST","52"
"2016/06/29 4:11:48 PM EST","47"
"2016/06/29 4:11:49 PM EST","51"
"2016/06/29 4:12:08 PM EST","53"
"2016/06/29 4:12:11 PM EST","54"
"2016/06/29 4:12:13 PM EST","52"
"2016/06/29 4:12:45 PM EST","49"
"2016/06/29 4:12:50 PM EST","47"
"2016/06/29 4:13:09 PM EST","48"
"2016/06/29 4:13:26 PM EST","49"
"2016/06/29 4:13:26 PM EST","55"
"2016/06/29 4:13:27 PM EST","55"
"2016/06/29 4:14:23 PM EST","55"
"2016/06/29 4:14:42 PM EST","56"
"2016/06/29 4:15:21 PM EST","61"
"2016/06/29 4:15:51 PM EST","56"
"2016/06/29 4:16:07 PM EST","11"
"2016/06/29 4:16:14 PM EST","12"
"2016/06/29 4:16:16 PM EST","40"
"2016/06/29 4:16:28 PM EST","42"
"2016/06/29 4:16:32 PM EST","40"
"2016/06/29 4:16:36 PM EST","62"
"2016/06/29 4:16:36 PM EST","71"
"2016/06/29 4:16:41 PM EST","47"
"2016/06/29 4:16:42 PM EST","64"
"2016/06/29 4:16:43 PM EST","52"
"2016/06/29 4:16:47 PM EST","54"
"2016/06/29 4:16:48 PM EST","50"
"2016/06/29 4:16:48 PM EST","51"
"2016/06/29 4:16:49 PM EST","54"
"2016/06/29 4:16:52 PM EST","46"
"2016/06/29 4:17:21 PM EST","43"
"2016/06/29 4:17:23 PM EST","43"
"2016/06/29 4:17:41 PM EST","54"
"2016/06/29 4:17:43 PM EST","100"
"2016/06/29 4:17:44 PM EST","58"
"2016/06/29 4:18:13 PM EST","50"
"2016/06/29 4:18:18 PM EST","49"
"2016/06/29 4:18:22 PM EST","50"
"2016/06/29 4:18:29 PM EST","54"
"2016/06/29 4:18:35 PM EST","49"
"2016/06/29 4:18:54 PM EST","45"
"2016/06/29 4:19:10 PM EST","47"
"2016/06/29 4:19:12 PM EST","45"
"2016/06/29 4:19:12 PM EST","57"
"2016/06/29 4:19:49 PM EST","51"
"2016/06/29 4:19:53 PM EST","55"
"2016/06/29 4:19:59 PM EST","60"
"2016/06/29 4:20:04 PM EST","58"
"2016/06/29 4:20:08 PM EST","51"
"2016/06/29 4:20:18 PM EST","57"
"2016/06/29 4:20:18 PM EST","60"
"2016/06/29 4:20:26 PM EST","52"
"2016/06/29 4:20:27 PM EST","61"
"2016/06/29 4:20:37 PM EST","52"
"2016/06/29 4:20:39 PM EST","64"
"2016/06/29 4:20:40 PM EST","50"
"2016/06/29 4:20:46 PM EST","61"
"2016/06/29 4:20:47 PM EST","61"
"2016/06/29 4:21:01 PM EST","57"
"2016/06/29 4:21:12 PM EST","52"
"2016/06/29 4:21:16 PM EST","58"
"2016/06/29 4:21:35 PM EST","50"
"2016/06/29 4:21:37 PM EST","55"
"2016/06/29 4:21:41 PM EST","62"
"2016/06/29 4:21:57 PM EST","56"
"2016/06/29 4:22:00 PM EST","53"
"2016/06/29 4:22:25 PM EST","48"
"2016/06/29 4:22:46 PM EST","49"
"2016/06/29 4:22:49 PM EST","57"
"2016/06/29 4:23:02 PM EST","48"
"2016/06/29 4:23:10 PM EST","50"
"2016/06/29 4:23:19 PM EST","60"
"2016/06/29 4:23:20 PM EST","48"
"2016/06/29 4:23:24 PM EST","48"
"2016/06/29 4:23:28 PM EST","68"
"2016/06/29 4:23:32 PM EST","60"
"2016/06/29 4:23:51 PM EST","44"
"2016/06/29 4:24:00 PM EST","38"
"2016/06/29 4:24:02 PM EST","53"
"2016/06/29 4:24:47 PM EST","48"
"2016/06/29 4:24:49 PM EST","44"
"2016/06/29 4:25:03 PM EST","45"
"2016/06/29 4:25:10 PM EST","53"
"2016/06/29 4:25:36 PM EST","46"
"2016/06/29 4:25:36 PM EST","51"
"2016/06/29 4:25:41 PM EST","58"
"2016/06/29 4:25:44 PM EST","48"
"2016/06/29 4:25:45 PM EST","48"
"2016/06/29 4:25:54 PM EST","40"
"2016/06/29 4:26:12 PM EST","56"
"2016/06/29 4:26:42 PM EST","49"
"2016/06/29 4:26:44 PM EST","48"
"2016/06/29 4:26:48 PM EST","49"
"2016/06/29 4:26:56 PM EST","48"
"2016/06/29 4:26:59 PM EST","48"
"2016/06/29 4:27:10 PM EST","48"
"2016/06/29 4:27:15 PM EST","48"
"2016/06/29 4:27:19 PM EST","45"
"2016/06/29 4:27:20 PM EST","49"
"2016/06/29 4:27:34 PM EST","48"
"2016/06/29 4:27:41 PM EST","55"
"2016/06/29 4:27:42 PM EST","65"
"2016/06/29 4:27:49 PM EST","49"
"2016/06/29 4:27:54 PM EST","45"
"2016/06/29 4:28:25 PM EST","50"
"2016/06/29 4:28:41 PM EST","54"
"2016/06/29 4:28:50 PM EST","55"
"2016/06/29 4:28:56 PM EST","51"
"2016/06/29 4:28:56 PM EST","54"
"2016/06/29 4:29:02 PM EST","67"
"2016/06/29 4:29:16 PM EST","45"
"2016/06/29 4:29:55 PM EST","62"
"2016/06/29 4:30:03 PM EST","0"
"2016/06/29 4:30:31 PM EST","51"
"2016/06/29 4:30:45 PM EST","54"
"2016/06/29 4:31:07 PM EST","60"
"2016/06/29 4:31:22 PM EST","55"
"2016/06/29 4:31:22 PM EST","38"
"2016/06/29 4:31:29 PM EST","46"
"2016/06/29 4:31:39 PM EST","39"
"2016/06/29 4:31:48 PM EST","50"
"2016/06/29 4:31:50 PM EST","51"
"2016/06/29 4:31:54 PM EST","54"
"2016/06/29 4:32:03 PM EST","54"
"2016/06/29 4:32:08 PM EST","51"
"2016/06/29 4:32:10 PM EST","47"
"2016/06/29 4:32:16 PM EST","52"
"2016/06/29 4:32:19 PM EST","60"
"2016/06/29 4:32:45 PM EST","50"
"2016/06/29 4:32:54 PM EST","55"
"2016/06/29 4:32:59 PM EST","56"
"2016/06/29 4:33:14 PM EST","54"
"2016/06/29 4:33:23 PM EST","55"
"2016/06/29 4:33:41 PM EST","55"
"2016/06/29 4:33:48 PM EST","55"
"2016/06/29 4:33:54 PM EST","88"
"2016/06/29 4:34:20 PM EST","50"
"2016/06/29 4:34:33 PM EST","54"
"2016/06/29 4:34:49 PM EST","58"
"2016/06/29 4:35:11 PM EST","57"
"2016/06/29 4:35:14 PM EST","59"
"2016/06/29 4:35:18 PM EST","47"
"2016/06/29 4:35:26 PM EST","55"
"2016/06/29 4:35:36 PM EST","57"
"2016/06/29 4:35:45 PM EST","46"
"2016/06/29 4:35:46 PM EST","41"
"2016/06/29 4:35:53 PM EST","48"
"2016/06/29 4:36:00 PM EST","53"
"2016/06/29 4:36:02 PM EST","56"
"2016/06/29 4:36:10 PM EST","42"
"2016/06/29 4:36:12 PM EST","49"
"2016/06/29 4:36:22 PM EST","51"
"2016/06/29 4:36:24 PM EST","45"
"2016/06/29 4:36:31 PM EST","60"
"2016/06/29 4:36:47 PM EST","52"
"2016/06/29 4:37:05 PM EST","44"
"2016/06/29 4:37:11 PM EST","59"
"2016/06/29 4:37:14 PM EST","44"
"2016/06/29 4:37:40 PM EST","59"
"2016/06/29 4:37:44 PM EST","54"
"2016/06/29 4:37:58 PM EST","54"
"2016/06/29 4:38:09 PM EST","52"
"2016/06/29 4:38:51 PM EST","48"
"2016/06/29 4:39:06 PM EST","54"
"2016/06/29 4:39:13 PM EST","64"
"2016/06/29 4:39:15 PM EST","53"
"2016/06/29 4:39:49 PM EST","51"
"2016/06/29 4:40:27 PM EST","100000"
"2016/06/29 4:40:34 PM EST","57"
"2016/06/29 4:40:52 PM EST","51"
"2016/06/29 4:40:57 PM EST","59"
"2016/06/29 4:41:10 PM EST","55"
"2016/06/29 4:41:19 PM EST","57"
"2016/06/29 4:41:20 PM EST","40"
"2016/06/29 4:41:26 PM EST","100"
"2016/06/29 4:41:32 PM EST","100"
"2016/06/29 4:41:37 PM EST","100"
"2016/06/29 4:41:40 PM EST","100"
"2016/06/29 4:41:44 PM EST","100"
"2016/06/29 4:41:46 PM EST","100"
"2016/06/29 4:41:48 PM EST","46"
"2016/06/29 4:41:49 PM EST","51"
"2016/06/29 4:41:49 PM EST","100"
"2016/06/29 4:41:52 PM EST","100"
"2016/06/29 4:41:55 PM EST","100"
"2016/06/29 4:41:58 PM EST","100"
"2016/06/29 4:42:00 PM EST","v"
"2016/06/29 4:42:04 PM EST","56"
"2016/06/29 4:42:11 PM EST","fuck yuo"
"2016/06/29 4:42:14 PM EST","fuck yuo"
"2016/06/29 4:42:16 PM EST","fuck yuo"
"2016/06/29 4:42:18 PM EST","fuck yuo"
"2016/06/29 4:42:20 PM EST","fuck yuo"
"2016/06/29 4:42:22 PM EST","49"
"2016/06/29 4:42:23 PM EST","fuck yuo"
"2016/06/29 4:42:25 PM EST","fuck yuo"
"2016/06/29 4:42:27 PM EST","fuck yuo"
"2016/06/29 4:42:29 PM EST","fuck yuo"
"2016/06/29 4:42:31 PM EST","fuck yuo"
"2016/06/29 4:42:33 PM EST","45"
"2016/06/29 4:42:34 PM EST","fuck yuo"
"2016/06/29 4:42:35 PM EST","39"
"2016/06/29 4:42:42 PM EST","53"
"2016/06/29 4:42:46 PM EST","57"
"2016/06/29 4:42:54 PM EST","55"
"2016/06/29 4:42:58 PM EST","39"
"2016/06/29 4:43:16 PM EST","56"
"2016/06/29 4:43:45 PM EST","45"
"2016/06/29 4:43:45 PM EST","58"
"2016/06/29 4:43:46 PM EST","44"
"2016/06/29 4:43:59 PM EST","48"
"2016/06/29 4:44:03 PM EST","53"
"2016/06/29 4:44:07 PM EST","50"
"2016/06/29 4:44:09 PM EST","46"
"2016/06/29 4:44:26 PM EST","51"
"2016/06/29 4:45:12 PM EST","65"
"2016/06/29 4:45:14 PM EST","51"
"2016/06/29 4:45:20 PM EST","57"
"2016/06/29 4:45:21 PM EST","47"
"2016/06/29 4:45:42 PM EST","47"
"2016/06/29 4:45:55 PM EST","72"
"2016/06/29 4:46:00 PM EST","45"
"2016/06/29 4:46:02 PM EST","47"
"2016/06/29 4:46:07 PM EST","46"
"2016/06/29 4:46:07 PM EST","44"
"2016/06/29 4:46:08 PM EST","53"